observation_id,condition_code,replicate,item_id,submission_state,correct
E4V3-T3-K1-P1,M0R0,1,1,accepted,True
E4V3-T3-K1-P1,M0R0,1,2,accepted,False
E4V3-T3-K1-P1,M0R0,1,3,not_attempted,False
E4V3-T3-K1-P1,M0R0,1,4,not_attempted,False
E4V3-T3-K1-P1,M0R0,1,5,accepted,True
E4V3-T3-K1-P1,M0R0,1,6,not_attempted,False
E4V3-T3-K1-P1,M0R0,1,7,not_attempted,False
E4V3-T3-K1-P1,M0R0,1,8,not_attempted,False
E4V3-T3-K1-P1,M0R0,1,9,not_attempted,False
E4V3-T3-K1-P1,M0R0,1,10,not_attempted,False
E4V3-T3-K1-P1,M0R0,1,11,not_attempted,False
E4V3-T3-K1-P1,M0R0,1,12,not_attempted,False
E4V3-T3-K1-P1,M0R0,1,13,not_attempted,False
E4V3-T3-K1-P1,M0R0,1,14,not_attempted,False
E4V3-T3-K1-P1,M0R0,1,15,not_attempted,False
E4V3-T3-K1-P1,M0R0,1,16,not_attempted,False
E4V3-T3-K1-P1,M0R0,1,17,not_attempted,False
E4V3-T3-K1-P1,M0R0,1,18,not_attempted,False
E4V3-T3-K1-P1,M0R0,1,19,not_attempted,False
E4V3-T3-K1-P1,M0R0,1,20,not_attempted,False
E4V3-T3-K1-P1,M0R0,1,21,not_attempted,False
E4V3-T3-K1-P1,M0R0,1,22,not_attempted,False
E4V3-T3-K1-P1,M0R0,1,23,not_attempted,False
E4V3-T3-K1-P1,M0R0,1,24,not_attempted,False
E4V3-T3-K1-P1,M0R0,1,25,not_attempted,False
E4V3-T3-K1-P2,M0R1,1,1,accepted,True
E4V3-T3-K1-P2,M0R1,1,2,accepted,True
E4V3-T3-K1-P2,M0R1,1,3,accepted,False
E4V3-T3-K1-P2,M0R1,1,4,accepted,False
E4V3-T3-K1-P2,M0R1,1,5,accepted,True
E4V3-T3-K1-P2,M0R1,1,6,accepted,True
E4V3-T3-K1-P2,M0R1,1,7,accepted,False
E4V3-T3-K1-P2,M0R1,1,8,accepted,False
E4V3-T3-K1-P2,M0R1,1,9,accepted,False
E4V3-T3-K1-P2,M0R1,1,10,accepted,True
E4V3-T3-K1-P2,M0R1,1,11,accepted,True
E4V3-T3-K1-P2,M0R1,1,12,accepted,True
E4V3-T3-K1-P2,M0R1,1,13,accepted,True
E4V3-T3-K1-P2,M0R1,1,14,accepted,False
E4V3-T3-K1-P2,M0R1,1,15,accepted,False
E4V3-T3-K1-P2,M0R1,1,16,accepted,True
E4V3-T3-K1-P2,M0R1,1,17,accepted,False
E4V3-T3-K1-P2,M0R1,1,18,accepted,True
E4V3-T3-K1-P2,M0R1,1,19,not_attempted,False
E4V3-T3-K1-P2,M0R1,1,20,not_attempted,False
E4V3-T3-K1-P2,M0R1,1,21,not_attempted,False
E4V3-T3-K1-P2,M0R1,1,22,not_attempted,False
E4V3-T3-K1-P2,M0R1,1,23,not_attempted,False
E4V3-T3-K1-P2,M0R1,1,24,not_attempted,False
E4V3-T3-K1-P2,M0R1,1,25,not_attempted,False
E4V3-T3-K1-P3,M1R1,1,1,accepted,True
E4V3-T3-K1-P3,M1R1,1,2,accepted,True
E4V3-T3-K1-P3,M1R1,1,3,accepted,False
E4V3-T3-K1-P3,M1R1,1,4,accepted,False
E4V3-T3-K1-P3,M1R1,1,5,accepted,True
E4V3-T3-K1-P3,M1R1,1,6,accepted,True
E4V3-T3-K1-P3,M1R1,1,7,accepted,False
E4V3-T3-K1-P3,M1R1,1,8,accepted,False
E4V3-T3-K1-P3,M1R1,1,9,accepted,False
E4V3-T3-K1-P3,M1R1,1,10,accepted,False
E4V3-T3-K1-P3,M1R1,1,11,accepted,True
E4V3-T3-K1-P3,M1R1,1,12,accepted,True
E4V3-T3-K1-P3,M1R1,1,13,accepted,True
E4V3-T3-K1-P3,M1R1,1,14,accepted,True
E4V3-T3-K1-P3,M1R1,1,15,accepted,True
E4V3-T3-K1-P3,M1R1,1,16,accepted,True
E4V3-T3-K1-P3,M1R1,1,17,accepted,False
E4V3-T3-K1-P3,M1R1,1,18,accepted,True
E4V3-T3-K1-P3,M1R1,1,19,accepted,True
E4V3-T3-K1-P3,M1R1,1,20,accepted,True
E4V3-T3-K1-P3,M1R1,1,21,accepted,True
E4V3-T3-K1-P3,M1R1,1,22,accepted,True
E4V3-T3-K1-P3,M1R1,1,23,accepted,True
E4V3-T3-K1-P3,M1R1,1,24,accepted,True
E4V3-T3-K1-P3,M1R1,1,25,accepted,False
E4V3-T3-K1-P4,M1R0,1,1,accepted,True
E4V3-T3-K1-P4,M1R0,1,2,accepted,True
E4V3-T3-K1-P4,M1R0,1,3,accepted,True
E4V3-T3-K1-P4,M1R0,1,4,accepted,True
E4V3-T3-K1-P4,M1R0,1,5,accepted,True
E4V3-T3-K1-P4,M1R0,1,6,accepted,True
E4V3-T3-K1-P4,M1R0,1,7,accepted,True
E4V3-T3-K1-P4,M1R0,1,8,accepted,True
E4V3-T3-K1-P4,M1R0,1,9,accepted,True
E4V3-T3-K1-P4,M1R0,1,10,accepted,True
E4V3-T3-K1-P4,M1R0,1,11,accepted,True
E4V3-T3-K1-P4,M1R0,1,12,accepted,True
E4V3-T3-K1-P4,M1R0,1,13,accepted,True
E4V3-T3-K1-P4,M1R0,1,14,accepted,False
E4V3-T3-K1-P4,M1R0,1,15,accepted,False
E4V3-T3-K1-P4,M1R0,1,16,accepted,True
E4V3-T3-K1-P4,M1R0,1,17,accepted,False
E4V3-T3-K1-P4,M1R0,1,18,accepted,True
E4V3-T3-K1-P4,M1R0,1,19,accepted,True
E4V3-T3-K1-P4,M1R0,1,20,accepted,True
E4V3-T3-K1-P4,M1R0,1,21,accepted,True
E4V3-T3-K1-P4,M1R0,1,22,accepted,True
E4V3-T3-K1-P4,M1R0,1,23,accepted,True
E4V3-T3-K1-P4,M1R0,1,24,accepted,True
E4V3-T3-K1-P4,M1R0,1,25,accepted,False
E4V3-T3-K10-P1,M0R1,10,1,accepted,True
E4V3-T3-K10-P1,M0R1,10,2,accepted,True
E4V3-T3-K10-P1,M0R1,10,3,not_attempted,False
E4V3-T3-K10-P1,M0R1,10,4,accepted,True
E4V3-T3-K10-P1,M0R1,10,5,accepted,True
E4V3-T3-K10-P1,M0R1,10,6,accepted,True
E4V3-T3-K10-P1,M0R1,10,7,not_attempted,False
E4V3-T3-K10-P1,M0R1,10,8,accepted,True
E4V3-T3-K10-P1,M0R1,10,9,accepted,True
E4V3-T3-K10-P1,M0R1,10,10,accepted,True
E4V3-T3-K10-P1,M0R1,10,11,accepted,True
E4V3-T3-K10-P1,M0R1,10,12,not_attempted,False
E4V3-T3-K10-P1,M0R1,10,13,accepted,True
E4V3-T3-K10-P1,M0R1,10,14,accepted,False
E4V3-T3-K10-P1,M0R1,10,15,not_attempted,False
E4V3-T3-K10-P1,M0R1,10,16,not_attempted,False
E4V3-T3-K10-P1,M0R1,10,17,not_attempted,False
E4V3-T3-K10-P1,M0R1,10,18,not_attempted,False
E4V3-T3-K10-P1,M0R1,10,19,not_attempted,False
E4V3-T3-K10-P1,M0R1,10,20,not_attempted,False
E4V3-T3-K10-P1,M0R1,10,21,not_attempted,False
E4V3-T3-K10-P1,M0R1,10,22,not_attempted,False
E4V3-T3-K10-P1,M0R1,10,23,not_attempted,False
E4V3-T3-K10-P1,M0R1,10,24,not_attempted,False
E4V3-T3-K10-P1,M0R1,10,25,not_attempted,False
E4V3-T3-K10-P2,M1R0,10,1,accepted,True
E4V3-T3-K10-P2,M1R0,10,2,accepted,True
E4V3-T3-K10-P2,M1R0,10,3,accepted,False
E4V3-T3-K10-P2,M1R0,10,4,accepted,True
E4V3-T3-K10-P2,M1R0,10,5,accepted,True
E4V3-T3-K10-P2,M1R0,10,6,accepted,True
E4V3-T3-K10-P2,M1R0,10,7,accepted,False
E4V3-T3-K10-P2,M1R0,10,8,accepted,True
E4V3-T3-K10-P2,M1R0,10,9,accepted,True
E4V3-T3-K10-P2,M1R0,10,10,accepted,True
E4V3-T3-K10-P2,M1R0,10,11,accepted,True
E4V3-T3-K10-P2,M1R0,10,12,accepted,True
E4V3-T3-K10-P2,M1R0,10,13,accepted,True
E4V3-T3-K10-P2,M1R0,10,14,accepted,False
E4V3-T3-K10-P2,M1R0,10,15,accepted,False
E4V3-T3-K10-P2,M1R0,10,16,accepted,True
E4V3-T3-K10-P2,M1R0,10,17,accepted,False
E4V3-T3-K10-P2,M1R0,10,18,accepted,True
E4V3-T3-K10-P2,M1R0,10,19,accepted,True
E4V3-T3-K10-P2,M1R0,10,20,accepted,True
E4V3-T3-K10-P2,M1R0,10,21,accepted,True
E4V3-T3-K10-P2,M1R0,10,22,accepted,True
E4V3-T3-K10-P2,M1R0,10,23,accepted,True
E4V3-T3-K10-P2,M1R0,10,24,accepted,True
E4V3-T3-K10-P2,M1R0,10,25,accepted,False
E4V3-T3-K10-P3,M0R0,10,1,accepted,True
E4V3-T3-K10-P3,M0R0,10,2,accepted,True
E4V3-T3-K10-P3,M0R0,10,3,accepted,False
E4V3-T3-K10-P3,M0R0,10,4,accepted,False
E4V3-T3-K10-P3,M0R0,10,5,accepted,True
E4V3-T3-K10-P3,M0R0,10,6,accepted,True
E4V3-T3-K10-P3,M0R0,10,7,accepted,False
E4V3-T3-K10-P3,M0R0,10,8,accepted,False
E4V3-T3-K10-P3,M0R0,10,9,accepted,False
E4V3-T3-K10-P3,M0R0,10,10,accepted,False
E4V3-T3-K10-P3,M0R0,10,11,accepted,False
E4V3-T3-K10-P3,M0R0,10,12,not_attempted,False
E4V3-T3-K10-P3,M0R0,10,13,not_attempted,False
E4V3-T3-K10-P3,M0R0,10,14,not_attempted,False
E4V3-T3-K10-P3,M0R0,10,15,not_attempted,False
E4V3-T3-K10-P3,M0R0,10,16,not_attempted,False
E4V3-T3-K10-P3,M0R0,10,17,not_attempted,False
E4V3-T3-K10-P3,M0R0,10,18,not_attempted,False
E4V3-T3-K10-P3,M0R0,10,19,not_attempted,False
E4V3-T3-K10-P3,M0R0,10,20,not_attempted,False
E4V3-T3-K10-P3,M0R0,10,21,not_attempted,False
E4V3-T3-K10-P3,M0R0,10,22,not_attempted,False
E4V3-T3-K10-P3,M0R0,10,23,not_attempted,False
E4V3-T3-K10-P3,M0R0,10,24,not_attempted,False
E4V3-T3-K10-P3,M0R0,10,25,not_attempted,False
E4V3-T3-K10-P4,M1R1,10,1,not_attempted,False
E4V3-T3-K10-P4,M1R1,10,2,not_attempted,False
E4V3-T3-K10-P4,M1R1,10,3,not_attempted,False
E4V3-T3-K10-P4,M1R1,10,4,not_attempted,False
E4V3-T3-K10-P4,M1R1,10,5,not_attempted,False
E4V3-T3-K10-P4,M1R1,10,6,not_attempted,False
E4V3-T3-K10-P4,M1R1,10,7,not_attempted,False
E4V3-T3-K10-P4,M1R1,10,8,not_attempted,False
E4V3-T3-K10-P4,M1R1,10,9,not_attempted,False
E4V3-T3-K10-P4,M1R1,10,10,not_attempted,False
E4V3-T3-K10-P4,M1R1,10,11,not_attempted,False
E4V3-T3-K10-P4,M1R1,10,12,not_attempted,False
E4V3-T3-K10-P4,M1R1,10,13,not_attempted,False
E4V3-T3-K10-P4,M1R1,10,14,not_attempted,False
E4V3-T3-K10-P4,M1R1,10,15,not_attempted,False
E4V3-T3-K10-P4,M1R1,10,16,not_attempted,False
E4V3-T3-K10-P4,M1R1,10,17,not_attempted,False
E4V3-T3-K10-P4,M1R1,10,18,not_attempted,False
E4V3-T3-K10-P4,M1R1,10,19,not_attempted,False
E4V3-T3-K10-P4,M1R1,10,20,not_attempted,False
E4V3-T3-K10-P4,M1R1,10,21,not_attempted,False
E4V3-T3-K10-P4,M1R1,10,22,not_attempted,False
E4V3-T3-K10-P4,M1R1,10,23,not_attempted,False
E4V3-T3-K10-P4,M1R1,10,24,not_attempted,False
E4V3-T3-K10-P4,M1R1,10,25,not_attempted,False
E4V3-T3-K11-P1,M1R0,11,1,accepted,True
E4V3-T3-K11-P1,M1R0,11,2,accepted,True
E4V3-T3-K11-P1,M1R0,11,3,accepted,True
E4V3-T3-K11-P1,M1R0,11,4,accepted,True
E4V3-T3-K11-P1,M1R0,11,5,accepted,True
E4V3-T3-K11-P1,M1R0,11,6,accepted,True
E4V3-T3-K11-P1,M1R0,11,7,accepted,True
E4V3-T3-K11-P1,M1R0,11,8,accepted,True
E4V3-T3-K11-P1,M1R0,11,9,accepted,True
E4V3-T3-K11-P1,M1R0,11,10,accepted,True
E4V3-T3-K11-P1,M1R0,11,11,accepted,True
E4V3-T3-K11-P1,M1R0,11,12,accepted,False
E4V3-T3-K11-P1,M1R0,11,13,accepted,True
E4V3-T3-K11-P1,M1R0,11,14,accepted,False
E4V3-T3-K11-P1,M1R0,11,15,accepted,False
E4V3-T3-K11-P1,M1R0,11,16,accepted,True
E4V3-T3-K11-P1,M1R0,11,17,accepted,True
E4V3-T3-K11-P1,M1R0,11,18,accepted,True
E4V3-T3-K11-P1,M1R0,11,19,accepted,True
E4V3-T3-K11-P1,M1R0,11,20,accepted,True
E4V3-T3-K11-P1,M1R0,11,21,accepted,True
E4V3-T3-K11-P1,M1R0,11,22,accepted,True
E4V3-T3-K11-P1,M1R0,11,23,accepted,True
E4V3-T3-K11-P1,M1R0,11,24,accepted,True
E4V3-T3-K11-P1,M1R0,11,25,accepted,True
E4V3-T3-K11-P2,M1R1,11,1,accepted,True
E4V3-T3-K11-P2,M1R1,11,2,accepted,True
E4V3-T3-K11-P2,M1R1,11,3,not_attempted,False
E4V3-T3-K11-P2,M1R1,11,4,accepted,True
E4V3-T3-K11-P2,M1R1,11,5,not_attempted,False
E4V3-T3-K11-P2,M1R1,11,6,not_attempted,False
E4V3-T3-K11-P2,M1R1,11,7,not_attempted,False
E4V3-T3-K11-P2,M1R1,11,8,accepted,True
E4V3-T3-K11-P2,M1R1,11,9,accepted,True
E4V3-T3-K11-P2,M1R1,11,10,accepted,True
E4V3-T3-K11-P2,M1R1,11,11,accepted,True
E4V3-T3-K11-P2,M1R1,11,12,not_attempted,False
E4V3-T3-K11-P2,M1R1,11,13,accepted,True
E4V3-T3-K11-P2,M1R1,11,14,accepted,False
E4V3-T3-K11-P2,M1R1,11,15,accepted,False
E4V3-T3-K11-P2,M1R1,11,16,accepted,True
E4V3-T3-K11-P2,M1R1,11,17,not_attempted,False
E4V3-T3-K11-P2,M1R1,11,18,not_attempted,False
E4V3-T3-K11-P2,M1R1,11,19,not_attempted,False
E4V3-T3-K11-P2,M1R1,11,20,not_attempted,False
E4V3-T3-K11-P2,M1R1,11,21,not_attempted,False
E4V3-T3-K11-P2,M1R1,11,22,not_attempted,False
E4V3-T3-K11-P2,M1R1,11,23,not_attempted,False
E4V3-T3-K11-P2,M1R1,11,24,not_attempted,False
E4V3-T3-K11-P2,M1R1,11,25,not_attempted,False
E4V3-T3-K11-P3,M0R1,11,1,accepted,True
E4V3-T3-K11-P3,M0R1,11,2,accepted,False
E4V3-T3-K11-P3,M0R1,11,3,not_attempted,False
E4V3-T3-K11-P3,M0R1,11,4,accepted,True
E4V3-T3-K11-P3,M0R1,11,5,accepted,True
E4V3-T3-K11-P3,M0R1,11,6,accepted,False
E4V3-T3-K11-P3,M0R1,11,7,accepted,False
E4V3-T3-K11-P3,M0R1,11,8,accepted,True
E4V3-T3-K11-P3,M0R1,11,9,accepted,True
E4V3-T3-K11-P3,M0R1,11,10,accepted,True
E4V3-T3-K11-P3,M0R1,11,11,accepted,True
E4V3-T3-K11-P3,M0R1,11,12,not_attempted,False
E4V3-T3-K11-P3,M0R1,11,13,not_attempted,False
E4V3-T3-K11-P3,M0R1,11,14,not_attempted,False
E4V3-T3-K11-P3,M0R1,11,15,not_attempted,False
E4V3-T3-K11-P3,M0R1,11,16,not_attempted,False
E4V3-T3-K11-P3,M0R1,11,17,not_attempted,False
E4V3-T3-K11-P3,M0R1,11,18,not_attempted,False
E4V3-T3-K11-P3,M0R1,11,19,not_attempted,False
E4V3-T3-K11-P3,M0R1,11,20,not_attempted,False
E4V3-T3-K11-P3,M0R1,11,21,not_attempted,False
E4V3-T3-K11-P3,M0R1,11,22,not_attempted,False
E4V3-T3-K11-P3,M0R1,11,23,not_attempted,False
E4V3-T3-K11-P3,M0R1,11,24,not_attempted,False
E4V3-T3-K11-P3,M0R1,11,25,not_attempted,False
E4V3-T3-K11-P4,M0R0,11,1,accepted,True
E4V3-T3-K11-P4,M0R0,11,2,accepted,True
E4V3-T3-K11-P4,M0R0,11,3,accepted,True
E4V3-T3-K11-P4,M0R0,11,4,accepted,True
E4V3-T3-K11-P4,M0R0,11,5,accepted,True
E4V3-T3-K11-P4,M0R0,11,6,accepted,True
E4V3-T3-K11-P4,M0R0,11,7,accepted,True
E4V3-T3-K11-P4,M0R0,11,8,accepted,True
E4V3-T3-K11-P4,M0R0,11,9,accepted,True
E4V3-T3-K11-P4,M0R0,11,10,accepted,True
E4V3-T3-K11-P4,M0R0,11,11,accepted,True
E4V3-T3-K11-P4,M0R0,11,12,accepted,True
E4V3-T3-K11-P4,M0R0,11,13,accepted,True
E4V3-T3-K11-P4,M0R0,11,14,accepted,False
E4V3-T3-K11-P4,M0R0,11,15,accepted,False
E4V3-T3-K11-P4,M0R0,11,16,accepted,True
E4V3-T3-K11-P4,M0R0,11,17,accepted,False
E4V3-T3-K11-P4,M0R0,11,18,accepted,True
E4V3-T3-K11-P4,M0R0,11,19,accepted,True
E4V3-T3-K11-P4,M0R0,11,20,accepted,True
E4V3-T3-K11-P4,M0R0,11,21,not_attempted,False
E4V3-T3-K11-P4,M0R0,11,22,not_attempted,False
E4V3-T3-K11-P4,M0R0,11,23,not_attempted,False
E4V3-T3-K11-P4,M0R0,11,24,not_attempted,False
E4V3-T3-K11-P4,M0R0,11,25,not_attempted,False
E4V3-T3-K12-P1,M1R1,12,1,accepted,True
E4V3-T3-K12-P1,M1R1,12,2,accepted,True
E4V3-T3-K12-P1,M1R1,12,3,accepted,True
E4V3-T3-K12-P1,M1R1,12,4,not_attempted,False
E4V3-T3-K12-P1,M1R1,12,5,accepted,True
E4V3-T3-K12-P1,M1R1,12,6,accepted,True
E4V3-T3-K12-P1,M1R1,12,7,accepted,True
E4V3-T3-K12-P1,M1R1,12,8,not_attempted,False
E4V3-T3-K12-P1,M1R1,12,9,not_attempted,False
E4V3-T3-K12-P1,M1R1,12,10,not_attempted,False
E4V3-T3-K12-P1,M1R1,12,11,not_attempted,False
E4V3-T3-K12-P1,M1R1,12,12,not_attempted,False
E4V3-T3-K12-P1,M1R1,12,13,not_attempted,False
E4V3-T3-K12-P1,M1R1,12,14,not_attempted,False
E4V3-T3-K12-P1,M1R1,12,15,not_attempted,False
E4V3-T3-K12-P1,M1R1,12,16,not_attempted,False
E4V3-T3-K12-P1,M1R1,12,17,not_attempted,False
E4V3-T3-K12-P1,M1R1,12,18,not_attempted,False
E4V3-T3-K12-P1,M1R1,12,19,not_attempted,False
E4V3-T3-K12-P1,M1R1,12,20,not_attempted,False
E4V3-T3-K12-P1,M1R1,12,21,not_attempted,False
E4V3-T3-K12-P1,M1R1,12,22,not_attempted,False
E4V3-T3-K12-P1,M1R1,12,23,not_attempted,False
E4V3-T3-K12-P1,M1R1,12,24,not_attempted,False
E4V3-T3-K12-P1,M1R1,12,25,not_attempted,False
E4V3-T3-K12-P2,M0R0,12,1,accepted,True
E4V3-T3-K12-P2,M0R0,12,2,accepted,True
E4V3-T3-K12-P2,M0R0,12,3,accepted,False
E4V3-T3-K12-P2,M0R0,12,4,accepted,True
E4V3-T3-K12-P2,M0R0,12,5,accepted,True
E4V3-T3-K12-P2,M0R0,12,6,accepted,True
E4V3-T3-K12-P2,M0R0,12,7,accepted,False
E4V3-T3-K12-P2,M0R0,12,8,accepted,True
E4V3-T3-K12-P2,M0R0,12,9,accepted,True
E4V3-T3-K12-P2,M0R0,12,10,accepted,True
E4V3-T3-K12-P2,M0R0,12,11,accepted,True
E4V3-T3-K12-P2,M0R0,12,12,accepted,True
E4V3-T3-K12-P2,M0R0,12,13,accepted,True
E4V3-T3-K12-P2,M0R0,12,14,accepted,False
E4V3-T3-K12-P2,M0R0,12,15,accepted,False
E4V3-T3-K12-P2,M0R0,12,16,accepted,True
E4V3-T3-K12-P2,M0R0,12,17,accepted,False
E4V3-T3-K12-P2,M0R0,12,18,accepted,True
E4V3-T3-K12-P2,M0R0,12,19,accepted,True
E4V3-T3-K12-P2,M0R0,12,20,accepted,True
E4V3-T3-K12-P2,M0R0,12,21,accepted,True
E4V3-T3-K12-P2,M0R0,12,22,accepted,True
E4V3-T3-K12-P2,M0R0,12,23,accepted,True
E4V3-T3-K12-P2,M0R0,12,24,accepted,True
E4V3-T3-K12-P2,M0R0,12,25,not_attempted,False
E4V3-T3-K12-P3,M1R0,12,1,accepted,True
E4V3-T3-K12-P3,M1R0,12,2,not_attempted,False
E4V3-T3-K12-P3,M1R0,12,3,not_attempted,False
E4V3-T3-K12-P3,M1R0,12,4,accepted,True
E4V3-T3-K12-P3,M1R0,12,5,accepted,True
E4V3-T3-K12-P3,M1R0,12,6,not_attempted,False
E4V3-T3-K12-P3,M1R0,12,7,not_attempted,False
E4V3-T3-K12-P3,M1R0,12,8,accepted,True
E4V3-T3-K12-P3,M1R0,12,9,accepted,True
E4V3-T3-K12-P3,M1R0,12,10,accepted,True
E4V3-T3-K12-P3,M1R0,12,11,accepted,True
E4V3-T3-K12-P3,M1R0,12,12,accepted,True
E4V3-T3-K12-P3,M1R0,12,13,accepted,True
E4V3-T3-K12-P3,M1R0,12,14,accepted,False
E4V3-T3-K12-P3,M1R0,12,15,accepted,False
E4V3-T3-K12-P3,M1R0,12,16,accepted,True
E4V3-T3-K12-P3,M1R0,12,17,accepted,False
E4V3-T3-K12-P3,M1R0,12,18,accepted,True
E4V3-T3-K12-P3,M1R0,12,19,not_attempted,False
E4V3-T3-K12-P3,M1R0,12,20,not_attempted,False
E4V3-T3-K12-P3,M1R0,12,21,not_attempted,False
E4V3-T3-K12-P3,M1R0,12,22,not_attempted,False
E4V3-T3-K12-P3,M1R0,12,23,not_attempted,False
E4V3-T3-K12-P3,M1R0,12,24,not_attempted,False
E4V3-T3-K12-P3,M1R0,12,25,not_attempted,False
E4V3-T3-K12-P4,M0R1,12,1,accepted,True
E4V3-T3-K12-P4,M0R1,12,2,accepted,True
E4V3-T3-K12-P4,M0R1,12,3,accepted,False
E4V3-T3-K12-P4,M0R1,12,4,accepted,True
E4V3-T3-K12-P4,M0R1,12,5,accepted,True
E4V3-T3-K12-P4,M0R1,12,6,accepted,True
E4V3-T3-K12-P4,M0R1,12,7,accepted,False
E4V3-T3-K12-P4,M0R1,12,8,accepted,True
E4V3-T3-K12-P4,M0R1,12,9,accepted,True
E4V3-T3-K12-P4,M0R1,12,10,accepted,True
E4V3-T3-K12-P4,M0R1,12,11,accepted,True
E4V3-T3-K12-P4,M0R1,12,12,not_attempted,False
E4V3-T3-K12-P4,M0R1,12,13,accepted,False
E4V3-T3-K12-P4,M0R1,12,14,accepted,False
E4V3-T3-K12-P4,M0R1,12,15,accepted,False
E4V3-T3-K12-P4,M0R1,12,16,accepted,False
E4V3-T3-K12-P4,M0R1,12,17,accepted,False
E4V3-T3-K12-P4,M0R1,12,18,accepted,True
E4V3-T3-K12-P4,M0R1,12,19,accepted,True
E4V3-T3-K12-P4,M0R1,12,20,accepted,True
E4V3-T3-K12-P4,M0R1,12,21,not_attempted,False
E4V3-T3-K12-P4,M0R1,12,22,not_attempted,False
E4V3-T3-K12-P4,M0R1,12,23,not_attempted,False
E4V3-T3-K12-P4,M0R1,12,24,not_attempted,False
E4V3-T3-K12-P4,M0R1,12,25,not_attempted,False
E4V3-T3-K13-P1,M0R0,13,1,accepted,True
E4V3-T3-K13-P1,M0R0,13,2,accepted,True
E4V3-T3-K13-P1,M0R0,13,3,accepted,False
E4V3-T3-K13-P1,M0R0,13,4,accepted,True
E4V3-T3-K13-P1,M0R0,13,5,accepted,True
E4V3-T3-K13-P1,M0R0,13,6,accepted,True
E4V3-T3-K13-P1,M0R0,13,7,accepted,False
E4V3-T3-K13-P1,M0R0,13,8,accepted,True
E4V3-T3-K13-P1,M0R0,13,9,accepted,True
E4V3-T3-K13-P1,M0R0,13,10,accepted,True
E4V3-T3-K13-P1,M0R0,13,11,accepted,True
E4V3-T3-K13-P1,M0R0,13,12,accepted,False
E4V3-T3-K13-P1,M0R0,13,13,accepted,True
E4V3-T3-K13-P1,M0R0,13,14,accepted,False
E4V3-T3-K13-P1,M0R0,13,15,accepted,False
E4V3-T3-K13-P1,M0R0,13,16,accepted,True
E4V3-T3-K13-P1,M0R0,13,17,accepted,False
E4V3-T3-K13-P1,M0R0,13,18,accepted,True
E4V3-T3-K13-P1,M0R0,13,19,accepted,True
E4V3-T3-K13-P1,M0R0,13,20,accepted,True
E4V3-T3-K13-P1,M0R0,13,21,accepted,True
E4V3-T3-K13-P1,M0R0,13,22,accepted,True
E4V3-T3-K13-P1,M0R0,13,23,not_attempted,False
E4V3-T3-K13-P1,M0R0,13,24,not_attempted,False
E4V3-T3-K13-P1,M0R0,13,25,not_attempted,False
E4V3-T3-K13-P2,M0R1,13,1,accepted,True
E4V3-T3-K13-P2,M0R1,13,2,accepted,True
E4V3-T3-K13-P2,M0R1,13,3,accepted,True
E4V3-T3-K13-P2,M0R1,13,4,accepted,True
E4V3-T3-K13-P2,M0R1,13,5,accepted,True
E4V3-T3-K13-P2,M0R1,13,6,accepted,True
E4V3-T3-K13-P2,M0R1,13,7,accepted,True
E4V3-T3-K13-P2,M0R1,13,8,accepted,True
E4V3-T3-K13-P2,M0R1,13,9,accepted,True
E4V3-T3-K13-P2,M0R1,13,10,accepted,True
E4V3-T3-K13-P2,M0R1,13,11,accepted,True
E4V3-T3-K13-P2,M0R1,13,12,accepted,False
E4V3-T3-K13-P2,M0R1,13,13,accepted,True
E4V3-T3-K13-P2,M0R1,13,14,accepted,False
E4V3-T3-K13-P2,M0R1,13,15,accepted,False
E4V3-T3-K13-P2,M0R1,13,16,accepted,True
E4V3-T3-K13-P2,M0R1,13,17,accepted,False
E4V3-T3-K13-P2,M0R1,13,18,accepted,True
E4V3-T3-K13-P2,M0R1,13,19,not_attempted,False
E4V3-T3-K13-P2,M0R1,13,20,not_attempted,False
E4V3-T3-K13-P2,M0R1,13,21,not_attempted,False
E4V3-T3-K13-P2,M0R1,13,22,not_attempted,False
E4V3-T3-K13-P2,M0R1,13,23,not_attempted,False
E4V3-T3-K13-P2,M0R1,13,24,not_attempted,False
E4V3-T3-K13-P2,M0R1,13,25,not_attempted,False
E4V3-T3-K13-P3,M1R1,13,1,accepted,True
E4V3-T3-K13-P3,M1R1,13,2,accepted,True
E4V3-T3-K13-P3,M1R1,13,3,accepted,False
E4V3-T3-K13-P3,M1R1,13,4,accepted,True
E4V3-T3-K13-P3,M1R1,13,5,accepted,True
E4V3-T3-K13-P3,M1R1,13,6,accepted,True
E4V3-T3-K13-P3,M1R1,13,7,accepted,False
E4V3-T3-K13-P3,M1R1,13,8,accepted,True
E4V3-T3-K13-P3,M1R1,13,9,accepted,True
E4V3-T3-K13-P3,M1R1,13,10,accepted,True
E4V3-T3-K13-P3,M1R1,13,11,accepted,True
E4V3-T3-K13-P3,M1R1,13,12,accepted,True
E4V3-T3-K13-P3,M1R1,13,13,accepted,True
E4V3-T3-K13-P3,M1R1,13,14,accepted,True
E4V3-T3-K13-P3,M1R1,13,15,accepted,True
E4V3-T3-K13-P3,M1R1,13,16,accepted,True
E4V3-T3-K13-P3,M1R1,13,17,accepted,False
E4V3-T3-K13-P3,M1R1,13,18,accepted,True
E4V3-T3-K13-P3,M1R1,13,19,accepted,True
E4V3-T3-K13-P3,M1R1,13,20,accepted,True
E4V3-T3-K13-P3,M1R1,13,21,accepted,True
E4V3-T3-K13-P3,M1R1,13,22,accepted,True
E4V3-T3-K13-P3,M1R1,13,23,accepted,True
E4V3-T3-K13-P3,M1R1,13,24,accepted,True
E4V3-T3-K13-P3,M1R1,13,25,accepted,False
E4V3-T3-K13-P4,M1R0,13,1,accepted,True
E4V3-T3-K13-P4,M1R0,13,2,accepted,True
E4V3-T3-K13-P4,M1R0,13,3,accepted,True
E4V3-T3-K13-P4,M1R0,13,4,accepted,True
E4V3-T3-K13-P4,M1R0,13,5,accepted,True
E4V3-T3-K13-P4,M1R0,13,6,accepted,True
E4V3-T3-K13-P4,M1R0,13,7,accepted,True
E4V3-T3-K13-P4,M1R0,13,8,accepted,True
E4V3-T3-K13-P4,M1R0,13,9,accepted,True
E4V3-T3-K13-P4,M1R0,13,10,accepted,True
E4V3-T3-K13-P4,M1R0,13,11,accepted,True
E4V3-T3-K13-P4,M1R0,13,12,accepted,True
E4V3-T3-K13-P4,M1R0,13,13,accepted,True
E4V3-T3-K13-P4,M1R0,13,14,accepted,False
E4V3-T3-K13-P4,M1R0,13,15,accepted,False
E4V3-T3-K13-P4,M1R0,13,16,accepted,True
E4V3-T3-K13-P4,M1R0,13,17,accepted,False
E4V3-T3-K13-P4,M1R0,13,18,accepted,True
E4V3-T3-K13-P4,M1R0,13,19,accepted,True
E4V3-T3-K13-P4,M1R0,13,20,accepted,True
E4V3-T3-K13-P4,M1R0,13,21,accepted,True
E4V3-T3-K13-P4,M1R0,13,22,accepted,True
E4V3-T3-K13-P4,M1R0,13,23,accepted,True
E4V3-T3-K13-P4,M1R0,13,24,accepted,True
E4V3-T3-K13-P4,M1R0,13,25,accepted,False
E4V3-T3-K14-P1,M0R1,14,1,not_attempted,False
E4V3-T3-K14-P1,M0R1,14,2,not_attempted,False
E4V3-T3-K14-P1,M0R1,14,3,not_attempted,False
E4V3-T3-K14-P1,M0R1,14,4,accepted,True
E4V3-T3-K14-P1,M0R1,14,5,not_attempted,False
E4V3-T3-K14-P1,M0R1,14,6,not_attempted,False
E4V3-T3-K14-P1,M0R1,14,7,not_attempted,False
E4V3-T3-K14-P1,M0R1,14,8,accepted,True
E4V3-T3-K14-P1,M0R1,14,9,accepted,True
E4V3-T3-K14-P1,M0R1,14,10,accepted,True
E4V3-T3-K14-P1,M0R1,14,11,accepted,True
E4V3-T3-K14-P1,M0R1,14,12,not_attempted,False
E4V3-T3-K14-P1,M0R1,14,13,accepted,True
E4V3-T3-K14-P1,M0R1,14,14,accepted,True
E4V3-T3-K14-P1,M0R1,14,15,accepted,True
E4V3-T3-K14-P1,M0R1,14,16,not_attempted,False
E4V3-T3-K14-P1,M0R1,14,17,not_attempted,False
E4V3-T3-K14-P1,M0R1,14,18,not_attempted,False
E4V3-T3-K14-P1,M0R1,14,19,not_attempted,False
E4V3-T3-K14-P1,M0R1,14,20,not_attempted,False
E4V3-T3-K14-P1,M0R1,14,21,not_attempted,False
E4V3-T3-K14-P1,M0R1,14,22,not_attempted,False
E4V3-T3-K14-P1,M0R1,14,23,not_attempted,False
E4V3-T3-K14-P1,M0R1,14,24,not_attempted,False
E4V3-T3-K14-P1,M0R1,14,25,not_attempted,False
E4V3-T3-K14-P2,M1R0,14,1,accepted,True
E4V3-T3-K14-P2,M1R0,14,2,not_attempted,False
E4V3-T3-K14-P2,M1R0,14,3,not_attempted,False
E4V3-T3-K14-P2,M1R0,14,4,accepted,True
E4V3-T3-K14-P2,M1R0,14,5,accepted,True
E4V3-T3-K14-P2,M1R0,14,6,not_attempted,False
E4V3-T3-K14-P2,M1R0,14,7,not_attempted,False
E4V3-T3-K14-P2,M1R0,14,8,accepted,True
E4V3-T3-K14-P2,M1R0,14,9,accepted,True
E4V3-T3-K14-P2,M1R0,14,10,accepted,True
E4V3-T3-K14-P2,M1R0,14,11,accepted,True
E4V3-T3-K14-P2,M1R0,14,12,accepted,True
E4V3-T3-K14-P2,M1R0,14,13,accepted,True
E4V3-T3-K14-P2,M1R0,14,14,accepted,True
E4V3-T3-K14-P2,M1R0,14,15,accepted,True
E4V3-T3-K14-P2,M1R0,14,16,accepted,True
E4V3-T3-K14-P2,M1R0,14,17,not_attempted,False
E4V3-T3-K14-P2,M1R0,14,18,accepted,True
E4V3-T3-K14-P2,M1R0,14,19,not_attempted,False
E4V3-T3-K14-P2,M1R0,14,20,not_attempted,False
E4V3-T3-K14-P2,M1R0,14,21,not_attempted,False
E4V3-T3-K14-P2,M1R0,14,22,not_attempted,False
E4V3-T3-K14-P2,M1R0,14,23,not_attempted,False
E4V3-T3-K14-P2,M1R0,14,24,not_attempted,False
E4V3-T3-K14-P2,M1R0,14,25,not_attempted,False
E4V3-T3-K14-P3,M0R0,14,1,accepted,True
E4V3-T3-K14-P3,M0R0,14,2,not_attempted,False
E4V3-T3-K14-P3,M0R0,14,3,accepted,False
E4V3-T3-K14-P3,M0R0,14,4,accepted,True
E4V3-T3-K14-P3,M0R0,14,5,accepted,True
E4V3-T3-K14-P3,M0R0,14,6,accepted,False
E4V3-T3-K14-P3,M0R0,14,7,not_attempted,False
E4V3-T3-K14-P3,M0R0,14,8,not_attempted,False
E4V3-T3-K14-P3,M0R0,14,9,not_attempted,False
E4V3-T3-K14-P3,M0R0,14,10,not_attempted,False
E4V3-T3-K14-P3,M0R0,14,11,not_attempted,False
E4V3-T3-K14-P3,M0R0,14,12,not_attempted,False
E4V3-T3-K14-P3,M0R0,14,13,not_attempted,False
E4V3-T3-K14-P3,M0R0,14,14,not_attempted,False
E4V3-T3-K14-P3,M0R0,14,15,not_attempted,False
E4V3-T3-K14-P3,M0R0,14,16,not_attempted,False
E4V3-T3-K14-P3,M0R0,14,17,not_attempted,False
E4V3-T3-K14-P3,M0R0,14,18,not_attempted,False
E4V3-T3-K14-P3,M0R0,14,19,not_attempted,False
E4V3-T3-K14-P3,M0R0,14,20,not_attempted,False
E4V3-T3-K14-P3,M0R0,14,21,not_attempted,False
E4V3-T3-K14-P3,M0R0,14,22,not_attempted,False
E4V3-T3-K14-P3,M0R0,14,23,not_attempted,False
E4V3-T3-K14-P3,M0R0,14,24,not_attempted,False
E4V3-T3-K14-P3,M0R0,14,25,not_attempted,False
E4V3-T3-K14-P4,M1R1,14,1,accepted,True
E4V3-T3-K14-P4,M1R1,14,2,not_attempted,False
E4V3-T3-K14-P4,M1R1,14,3,not_attempted,False
E4V3-T3-K14-P4,M1R1,14,4,accepted,True
E4V3-T3-K14-P4,M1R1,14,5,accepted,True
E4V3-T3-K14-P4,M1R1,14,6,accepted,False
E4V3-T3-K14-P4,M1R1,14,7,accepted,False
E4V3-T3-K14-P4,M1R1,14,8,accepted,True
E4V3-T3-K14-P4,M1R1,14,9,accepted,True
E4V3-T3-K14-P4,M1R1,14,10,accepted,True
E4V3-T3-K14-P4,M1R1,14,11,accepted,True
E4V3-T3-K14-P4,M1R1,14,12,accepted,True
E4V3-T3-K14-P4,M1R1,14,13,accepted,True
E4V3-T3-K14-P4,M1R1,14,14,accepted,True
E4V3-T3-K14-P4,M1R1,14,15,accepted,True
E4V3-T3-K14-P4,M1R1,14,16,accepted,True
E4V3-T3-K14-P4,M1R1,14,17,accepted,False
E4V3-T3-K14-P4,M1R1,14,18,accepted,True
E4V3-T3-K14-P4,M1R1,14,19,not_attempted,False
E4V3-T3-K14-P4,M1R1,14,20,not_attempted,False
E4V3-T3-K14-P4,M1R1,14,21,not_attempted,False
E4V3-T3-K14-P4,M1R1,14,22,not_attempted,False
E4V3-T3-K14-P4,M1R1,14,23,not_attempted,False
E4V3-T3-K14-P4,M1R1,14,24,not_attempted,False
E4V3-T3-K14-P4,M1R1,14,25,not_attempted,False
E4V3-T3-K15-P1,M1R0,15,1,accepted,True
E4V3-T3-K15-P1,M1R0,15,2,not_attempted,False
E4V3-T3-K15-P1,M1R0,15,3,not_attempted,False
E4V3-T3-K15-P1,M1R0,15,4,accepted,True
E4V3-T3-K15-P1,M1R0,15,5,accepted,True
E4V3-T3-K15-P1,M1R0,15,6,accepted,False
E4V3-T3-K15-P1,M1R0,15,7,accepted,False
E4V3-T3-K15-P1,M1R0,15,8,accepted,True
E4V3-T3-K15-P1,M1R0,15,9,accepted,True
E4V3-T3-K15-P1,M1R0,15,10,accepted,True
E4V3-T3-K15-P1,M1R0,15,11,accepted,True
E4V3-T3-K15-P1,M1R0,15,12,accepted,True
E4V3-T3-K15-P1,M1R0,15,13,accepted,True
E4V3-T3-K15-P1,M1R0,15,14,accepted,False
E4V3-T3-K15-P1,M1R0,15,15,accepted,False
E4V3-T3-K15-P1,M1R0,15,16,accepted,True
E4V3-T3-K15-P1,M1R0,15,17,not_attempted,False
E4V3-T3-K15-P1,M1R0,15,18,accepted,True
E4V3-T3-K15-P1,M1R0,15,19,not_attempted,False
E4V3-T3-K15-P1,M1R0,15,20,not_attempted,False
E4V3-T3-K15-P1,M1R0,15,21,not_attempted,False
E4V3-T3-K15-P1,M1R0,15,22,not_attempted,False
E4V3-T3-K15-P1,M1R0,15,23,not_attempted,False
E4V3-T3-K15-P1,M1R0,15,24,not_attempted,False
E4V3-T3-K15-P1,M1R0,15,25,not_attempted,False
E4V3-T3-K15-P2,M1R1,15,1,accepted,True
E4V3-T3-K15-P2,M1R1,15,2,accepted,True
E4V3-T3-K15-P2,M1R1,15,3,accepted,True
E4V3-T3-K15-P2,M1R1,15,4,accepted,True
E4V3-T3-K15-P2,M1R1,15,5,accepted,True
E4V3-T3-K15-P2,M1R1,15,6,accepted,True
E4V3-T3-K15-P2,M1R1,15,7,accepted,True
E4V3-T3-K15-P2,M1R1,15,8,accepted,True
E4V3-T3-K15-P2,M1R1,15,9,accepted,True
E4V3-T3-K15-P2,M1R1,15,10,accepted,True
E4V3-T3-K15-P2,M1R1,15,11,accepted,True
E4V3-T3-K15-P2,M1R1,15,12,accepted,True
E4V3-T3-K15-P2,M1R1,15,13,accepted,True
E4V3-T3-K15-P2,M1R1,15,14,accepted,False
E4V3-T3-K15-P2,M1R1,15,15,accepted,False
E4V3-T3-K15-P2,M1R1,15,16,accepted,True
E4V3-T3-K15-P2,M1R1,15,17,accepted,False
E4V3-T3-K15-P2,M1R1,15,18,accepted,True
E4V3-T3-K15-P2,M1R1,15,19,not_attempted,False
E4V3-T3-K15-P2,M1R1,15,20,accepted,True
E4V3-T3-K15-P2,M1R1,15,21,accepted,True
E4V3-T3-K15-P2,M1R1,15,22,accepted,True
E4V3-T3-K15-P2,M1R1,15,23,accepted,True
E4V3-T3-K15-P2,M1R1,15,24,accepted,True
E4V3-T3-K15-P2,M1R1,15,25,accepted,False
E4V3-T3-K15-P3,M0R1,15,1,accepted,True
E4V3-T3-K15-P3,M0R1,15,2,accepted,True
E4V3-T3-K15-P3,M0R1,15,3,accepted,False
E4V3-T3-K15-P3,M0R1,15,4,accepted,True
E4V3-T3-K15-P3,M0R1,15,5,accepted,True
E4V3-T3-K15-P3,M0R1,15,6,accepted,True
E4V3-T3-K15-P3,M0R1,15,7,accepted,False
E4V3-T3-K15-P3,M0R1,15,8,accepted,True
E4V3-T3-K15-P3,M0R1,15,9,accepted,True
E4V3-T3-K15-P3,M0R1,15,10,accepted,True
E4V3-T3-K15-P3,M0R1,15,11,accepted,True
E4V3-T3-K15-P3,M0R1,15,12,accepted,True
E4V3-T3-K15-P3,M0R1,15,13,accepted,True
E4V3-T3-K15-P3,M0R1,15,14,accepted,True
E4V3-T3-K15-P3,M0R1,15,15,accepted,True
E4V3-T3-K15-P3,M0R1,15,16,accepted,True
E4V3-T3-K15-P3,M0R1,15,17,accepted,False
E4V3-T3-K15-P3,M0R1,15,18,accepted,True
E4V3-T3-K15-P3,M0R1,15,19,not_attempted,False
E4V3-T3-K15-P3,M0R1,15,20,not_attempted,False
E4V3-T3-K15-P3,M0R1,15,21,not_attempted,False
E4V3-T3-K15-P3,M0R1,15,22,not_attempted,False
E4V3-T3-K15-P3,M0R1,15,23,not_attempted,False
E4V3-T3-K15-P3,M0R1,15,24,not_attempted,False
E4V3-T3-K15-P3,M0R1,15,25,not_attempted,False
E4V3-T3-K15-P4,M0R0,15,1,accepted,True
E4V3-T3-K15-P4,M0R0,15,2,accepted,True
E4V3-T3-K15-P4,M0R0,15,3,accepted,True
E4V3-T3-K15-P4,M0R0,15,4,accepted,True
E4V3-T3-K15-P4,M0R0,15,5,accepted,True
E4V3-T3-K15-P4,M0R0,15,6,accepted,True
E4V3-T3-K15-P4,M0R0,15,7,accepted,True
E4V3-T3-K15-P4,M0R0,15,8,accepted,True
E4V3-T3-K15-P4,M0R0,15,9,accepted,True
E4V3-T3-K15-P4,M0R0,15,10,accepted,True
E4V3-T3-K15-P4,M0R0,15,11,accepted,True
E4V3-T3-K15-P4,M0R0,15,12,not_attempted,False
E4V3-T3-K15-P4,M0R0,15,13,accepted,True
E4V3-T3-K15-P4,M0R0,15,14,accepted,False
E4V3-T3-K15-P4,M0R0,15,15,accepted,False
E4V3-T3-K15-P4,M0R0,15,16,accepted,True
E4V3-T3-K15-P4,M0R0,15,17,accepted,False
E4V3-T3-K15-P4,M0R0,15,18,accepted,True
E4V3-T3-K15-P4,M0R0,15,19,accepted,True
E4V3-T3-K15-P4,M0R0,15,20,accepted,True
E4V3-T3-K15-P4,M0R0,15,21,accepted,True
E4V3-T3-K15-P4,M0R0,15,22,accepted,True
E4V3-T3-K15-P4,M0R0,15,23,accepted,True
E4V3-T3-K15-P4,M0R0,15,24,not_attempted,False
E4V3-T3-K15-P4,M0R0,15,25,not_attempted,False
E4V3-T3-K2-P1,M0R1,2,1,accepted,True
E4V3-T3-K2-P1,M0R1,2,2,accepted,False
E4V3-T3-K2-P1,M0R1,2,3,accepted,False
E4V3-T3-K2-P1,M0R1,2,4,accepted,True
E4V3-T3-K2-P1,M0R1,2,5,accepted,True
E4V3-T3-K2-P1,M0R1,2,6,accepted,False
E4V3-T3-K2-P1,M0R1,2,7,accepted,False
E4V3-T3-K2-P1,M0R1,2,8,accepted,True
E4V3-T3-K2-P1,M0R1,2,9,accepted,True
E4V3-T3-K2-P1,M0R1,2,10,accepted,True
E4V3-T3-K2-P1,M0R1,2,11,accepted,True
E4V3-T3-K2-P1,M0R1,2,12,accepted,True
E4V3-T3-K2-P1,M0R1,2,13,accepted,True
E4V3-T3-K2-P1,M0R1,2,14,accepted,True
E4V3-T3-K2-P1,M0R1,2,15,accepted,True
E4V3-T3-K2-P1,M0R1,2,16,accepted,True
E4V3-T3-K2-P1,M0R1,2,17,accepted,False
E4V3-T3-K2-P1,M0R1,2,18,accepted,True
E4V3-T3-K2-P1,M0R1,2,19,accepted,True
E4V3-T3-K2-P1,M0R1,2,20,accepted,True
E4V3-T3-K2-P1,M0R1,2,21,not_attempted,False
E4V3-T3-K2-P1,M0R1,2,22,not_attempted,False
E4V3-T3-K2-P1,M0R1,2,23,not_attempted,False
E4V3-T3-K2-P1,M0R1,2,24,not_attempted,False
E4V3-T3-K2-P1,M0R1,2,25,not_attempted,False
E4V3-T3-K2-P2,M1R0,2,1,accepted,True
E4V3-T3-K2-P2,M1R0,2,2,accepted,True
E4V3-T3-K2-P2,M1R0,2,3,accepted,False
E4V3-T3-K2-P2,M1R0,2,4,accepted,True
E4V3-T3-K2-P2,M1R0,2,5,accepted,True
E4V3-T3-K2-P2,M1R0,2,6,accepted,True
E4V3-T3-K2-P2,M1R0,2,7,accepted,False
E4V3-T3-K2-P2,M1R0,2,8,accepted,True
E4V3-T3-K2-P2,M1R0,2,9,accepted,True
E4V3-T3-K2-P2,M1R0,2,10,accepted,True
E4V3-T3-K2-P2,M1R0,2,11,accepted,True
E4V3-T3-K2-P2,M1R0,2,12,accepted,True
E4V3-T3-K2-P2,M1R0,2,13,accepted,True
E4V3-T3-K2-P2,M1R0,2,14,accepted,True
E4V3-T3-K2-P2,M1R0,2,15,accepted,True
E4V3-T3-K2-P2,M1R0,2,16,accepted,True
E4V3-T3-K2-P2,M1R0,2,17,accepted,False
E4V3-T3-K2-P2,M1R0,2,18,accepted,True
E4V3-T3-K2-P2,M1R0,2,19,accepted,True
E4V3-T3-K2-P2,M1R0,2,20,accepted,True
E4V3-T3-K2-P2,M1R0,2,21,accepted,True
E4V3-T3-K2-P2,M1R0,2,22,accepted,True
E4V3-T3-K2-P2,M1R0,2,23,accepted,True
E4V3-T3-K2-P2,M1R0,2,24,accepted,True
E4V3-T3-K2-P2,M1R0,2,25,accepted,False
E4V3-T3-K2-P3,M0R0,2,1,accepted,True
E4V3-T3-K2-P3,M0R0,2,2,accepted,True
E4V3-T3-K2-P3,M0R0,2,3,accepted,True
E4V3-T3-K2-P3,M0R0,2,4,accepted,True
E4V3-T3-K2-P3,M0R0,2,5,accepted,True
E4V3-T3-K2-P3,M0R0,2,6,accepted,True
E4V3-T3-K2-P3,M0R0,2,7,accepted,True
E4V3-T3-K2-P3,M0R0,2,8,accepted,True
E4V3-T3-K2-P3,M0R0,2,9,accepted,True
E4V3-T3-K2-P3,M0R0,2,10,accepted,True
E4V3-T3-K2-P3,M0R0,2,11,accepted,True
E4V3-T3-K2-P3,M0R0,2,12,accepted,True
E4V3-T3-K2-P3,M0R0,2,13,accepted,True
E4V3-T3-K2-P3,M0R0,2,14,accepted,False
E4V3-T3-K2-P3,M0R0,2,15,accepted,False
E4V3-T3-K2-P3,M0R0,2,16,accepted,False
E4V3-T3-K2-P3,M0R0,2,17,accepted,False
E4V3-T3-K2-P3,M0R0,2,18,accepted,True
E4V3-T3-K2-P3,M0R0,2,19,accepted,True
E4V3-T3-K2-P3,M0R0,2,20,accepted,True
E4V3-T3-K2-P3,M0R0,2,21,not_attempted,False
E4V3-T3-K2-P3,M0R0,2,22,not_attempted,False
E4V3-T3-K2-P3,M0R0,2,23,not_attempted,False
E4V3-T3-K2-P3,M0R0,2,24,not_attempted,False
E4V3-T3-K2-P3,M0R0,2,25,not_attempted,False
E4V3-T3-K2-P4,M1R1,2,1,accepted,True
E4V3-T3-K2-P4,M1R1,2,2,not_attempted,False
E4V3-T3-K2-P4,M1R1,2,3,not_attempted,False
E4V3-T3-K2-P4,M1R1,2,4,accepted,True
E4V3-T3-K2-P4,M1R1,2,5,accepted,True
E4V3-T3-K2-P4,M1R1,2,6,accepted,False
E4V3-T3-K2-P4,M1R1,2,7,accepted,False
E4V3-T3-K2-P4,M1R1,2,8,accepted,True
E4V3-T3-K2-P4,M1R1,2,9,accepted,True
E4V3-T3-K2-P4,M1R1,2,10,accepted,True
E4V3-T3-K2-P4,M1R1,2,11,accepted,True
E4V3-T3-K2-P4,M1R1,2,12,accepted,True
E4V3-T3-K2-P4,M1R1,2,13,accepted,True
E4V3-T3-K2-P4,M1R1,2,14,accepted,False
E4V3-T3-K2-P4,M1R1,2,15,accepted,False
E4V3-T3-K2-P4,M1R1,2,16,accepted,True
E4V3-T3-K2-P4,M1R1,2,17,accepted,False
E4V3-T3-K2-P4,M1R1,2,18,accepted,True
E4V3-T3-K2-P4,M1R1,2,19,accepted,True
E4V3-T3-K2-P4,M1R1,2,20,accepted,True
E4V3-T3-K2-P4,M1R1,2,21,accepted,True
E4V3-T3-K2-P4,M1R1,2,22,accepted,True
E4V3-T3-K2-P4,M1R1,2,23,accepted,True
E4V3-T3-K2-P4,M1R1,2,24,accepted,False
E4V3-T3-K2-P4,M1R1,2,25,accepted,False
E4V3-T3-K3-P1,M1R0,3,1,accepted,True
E4V3-T3-K3-P1,M1R0,3,2,accepted,True
E4V3-T3-K3-P1,M1R0,3,3,accepted,True
E4V3-T3-K3-P1,M1R0,3,4,accepted,True
E4V3-T3-K3-P1,M1R0,3,5,accepted,True
E4V3-T3-K3-P1,M1R0,3,6,accepted,True
E4V3-T3-K3-P1,M1R0,3,7,accepted,True
E4V3-T3-K3-P1,M1R0,3,8,accepted,True
E4V3-T3-K3-P1,M1R0,3,9,accepted,True
E4V3-T3-K3-P1,M1R0,3,10,accepted,True
E4V3-T3-K3-P1,M1R0,3,11,accepted,True
E4V3-T3-K3-P1,M1R0,3,12,accepted,True
E4V3-T3-K3-P1,M1R0,3,13,accepted,True
E4V3-T3-K3-P1,M1R0,3,14,accepted,False
E4V3-T3-K3-P1,M1R0,3,15,accepted,False
E4V3-T3-K3-P1,M1R0,3,16,accepted,True
E4V3-T3-K3-P1,M1R0,3,17,accepted,False
E4V3-T3-K3-P1,M1R0,3,18,accepted,True
E4V3-T3-K3-P1,M1R0,3,19,accepted,True
E4V3-T3-K3-P1,M1R0,3,20,accepted,True
E4V3-T3-K3-P1,M1R0,3,21,accepted,True
E4V3-T3-K3-P1,M1R0,3,22,accepted,True
E4V3-T3-K3-P1,M1R0,3,23,accepted,True
E4V3-T3-K3-P1,M1R0,3,24,accepted,True
E4V3-T3-K3-P1,M1R0,3,25,accepted,False
E4V3-T3-K3-P2,M1R1,3,1,accepted,True
E4V3-T3-K3-P2,M1R1,3,2,accepted,True
E4V3-T3-K3-P2,M1R1,3,3,accepted,True
E4V3-T3-K3-P2,M1R1,3,4,accepted,True
E4V3-T3-K3-P2,M1R1,3,5,accepted,True
E4V3-T3-K3-P2,M1R1,3,6,accepted,True
E4V3-T3-K3-P2,M1R1,3,7,accepted,True
E4V3-T3-K3-P2,M1R1,3,8,accepted,True
E4V3-T3-K3-P2,M1R1,3,9,not_attempted,False
E4V3-T3-K3-P2,M1R1,3,10,not_attempted,False
E4V3-T3-K3-P2,M1R1,3,11,not_attempted,False
E4V3-T3-K3-P2,M1R1,3,12,not_attempted,False
E4V3-T3-K3-P2,M1R1,3,13,not_attempted,False
E4V3-T3-K3-P2,M1R1,3,14,not_attempted,False
E4V3-T3-K3-P2,M1R1,3,15,not_attempted,False
E4V3-T3-K3-P2,M1R1,3,16,not_attempted,False
E4V3-T3-K3-P2,M1R1,3,17,not_attempted,False
E4V3-T3-K3-P2,M1R1,3,18,not_attempted,False
E4V3-T3-K3-P2,M1R1,3,19,not_attempted,False
E4V3-T3-K3-P2,M1R1,3,20,not_attempted,False
E4V3-T3-K3-P2,M1R1,3,21,not_attempted,False
E4V3-T3-K3-P2,M1R1,3,22,not_attempted,False
E4V3-T3-K3-P2,M1R1,3,23,not_attempted,False
E4V3-T3-K3-P2,M1R1,3,24,not_attempted,False
E4V3-T3-K3-P2,M1R1,3,25,not_attempted,False
E4V3-T3-K3-P3,M0R1,3,1,accepted,True
E4V3-T3-K3-P3,M0R1,3,2,accepted,True
E4V3-T3-K3-P3,M0R1,3,3,accepted,False
E4V3-T3-K3-P3,M0R1,3,4,accepted,True
E4V3-T3-K3-P3,M0R1,3,5,accepted,True
E4V3-T3-K3-P3,M0R1,3,6,accepted,True
E4V3-T3-K3-P3,M0R1,3,7,accepted,False
E4V3-T3-K3-P3,M0R1,3,8,accepted,True
E4V3-T3-K3-P3,M0R1,3,9,accepted,True
E4V3-T3-K3-P3,M0R1,3,10,accepted,True
E4V3-T3-K3-P3,M0R1,3,11,accepted,True
E4V3-T3-K3-P3,M0R1,3,12,accepted,True
E4V3-T3-K3-P3,M0R1,3,13,accepted,True
E4V3-T3-K3-P3,M0R1,3,14,accepted,False
E4V3-T3-K3-P3,M0R1,3,15,accepted,False
E4V3-T3-K3-P3,M0R1,3,16,accepted,True
E4V3-T3-K3-P3,M0R1,3,17,accepted,False
E4V3-T3-K3-P3,M0R1,3,18,not_attempted,False
E4V3-T3-K3-P3,M0R1,3,19,not_attempted,False
E4V3-T3-K3-P3,M0R1,3,20,not_attempted,False
E4V3-T3-K3-P3,M0R1,3,21,not_attempted,False
E4V3-T3-K3-P3,M0R1,3,22,not_attempted,False
E4V3-T3-K3-P3,M0R1,3,23,not_attempted,False
E4V3-T3-K3-P3,M0R1,3,24,not_attempted,False
E4V3-T3-K3-P3,M0R1,3,25,not_attempted,False
E4V3-T3-K3-P4,M0R0,3,1,accepted,True
E4V3-T3-K3-P4,M0R0,3,2,accepted,True
E4V3-T3-K3-P4,M0R0,3,3,accepted,True
E4V3-T3-K3-P4,M0R0,3,4,accepted,True
E4V3-T3-K3-P4,M0R0,3,5,accepted,True
E4V3-T3-K3-P4,M0R0,3,6,accepted,True
E4V3-T3-K3-P4,M0R0,3,7,accepted,True
E4V3-T3-K3-P4,M0R0,3,8,accepted,True
E4V3-T3-K3-P4,M0R0,3,9,accepted,True
E4V3-T3-K3-P4,M0R0,3,10,accepted,True
E4V3-T3-K3-P4,M0R0,3,11,accepted,True
E4V3-T3-K3-P4,M0R0,3,12,accepted,True
E4V3-T3-K3-P4,M0R0,3,13,accepted,True
E4V3-T3-K3-P4,M0R0,3,14,accepted,False
E4V3-T3-K3-P4,M0R0,3,15,accepted,False
E4V3-T3-K3-P4,M0R0,3,16,accepted,True
E4V3-T3-K3-P4,M0R0,3,17,accepted,False
E4V3-T3-K3-P4,M0R0,3,18,accepted,True
E4V3-T3-K3-P4,M0R0,3,19,accepted,True
E4V3-T3-K3-P4,M0R0,3,20,accepted,True
E4V3-T3-K3-P4,M0R0,3,21,not_attempted,False
E4V3-T3-K3-P4,M0R0,3,22,not_attempted,False
E4V3-T3-K3-P4,M0R0,3,23,not_attempted,False
E4V3-T3-K3-P4,M0R0,3,24,not_attempted,False
E4V3-T3-K3-P4,M0R0,3,25,not_attempted,False
E4V3-T3-K4-P1,M1R1,4,1,accepted,True
E4V3-T3-K4-P1,M1R1,4,2,accepted,True
E4V3-T3-K4-P1,M1R1,4,3,accepted,True
E4V3-T3-K4-P1,M1R1,4,4,accepted,True
E4V3-T3-K4-P1,M1R1,4,5,accepted,True
E4V3-T3-K4-P1,M1R1,4,6,accepted,False
E4V3-T3-K4-P1,M1R1,4,7,accepted,False
E4V3-T3-K4-P1,M1R1,4,8,accepted,True
E4V3-T3-K4-P1,M1R1,4,9,accepted,True
E4V3-T3-K4-P1,M1R1,4,10,accepted,True
E4V3-T3-K4-P1,M1R1,4,11,accepted,True
E4V3-T3-K4-P1,M1R1,4,12,not_attempted,False
E4V3-T3-K4-P1,M1R1,4,13,accepted,True
E4V3-T3-K4-P1,M1R1,4,14,accepted,True
E4V3-T3-K4-P1,M1R1,4,15,accepted,True
E4V3-T3-K4-P1,M1R1,4,16,accepted,True
E4V3-T3-K4-P1,M1R1,4,17,accepted,False
E4V3-T3-K4-P1,M1R1,4,18,accepted,True
E4V3-T3-K4-P1,M1R1,4,19,not_attempted,False
E4V3-T3-K4-P1,M1R1,4,20,not_attempted,False
E4V3-T3-K4-P1,M1R1,4,21,not_attempted,False
E4V3-T3-K4-P1,M1R1,4,22,not_attempted,False
E4V3-T3-K4-P1,M1R1,4,23,not_attempted,False
E4V3-T3-K4-P1,M1R1,4,24,not_attempted,False
E4V3-T3-K4-P1,M1R1,4,25,not_attempted,False
E4V3-T3-K4-P2,M0R0,4,1,accepted,True
E4V3-T3-K4-P2,M0R0,4,2,accepted,True
E4V3-T3-K4-P2,M0R0,4,3,accepted,True
E4V3-T3-K4-P2,M0R0,4,4,accepted,True
E4V3-T3-K4-P2,M0R0,4,5,accepted,True
E4V3-T3-K4-P2,M0R0,4,6,accepted,True
E4V3-T3-K4-P2,M0R0,4,7,accepted,True
E4V3-T3-K4-P2,M0R0,4,8,accepted,True
E4V3-T3-K4-P2,M0R0,4,9,accepted,True
E4V3-T3-K4-P2,M0R0,4,10,accepted,True
E4V3-T3-K4-P2,M0R0,4,11,accepted,True
E4V3-T3-K4-P2,M0R0,4,12,accepted,True
E4V3-T3-K4-P2,M0R0,4,13,accepted,True
E4V3-T3-K4-P2,M0R0,4,14,accepted,True
E4V3-T3-K4-P2,M0R0,4,15,accepted,True
E4V3-T3-K4-P2,M0R0,4,16,accepted,True
E4V3-T3-K4-P2,M0R0,4,17,accepted,False
E4V3-T3-K4-P2,M0R0,4,18,accepted,True
E4V3-T3-K4-P2,M0R0,4,19,accepted,True
E4V3-T3-K4-P2,M0R0,4,20,accepted,True
E4V3-T3-K4-P2,M0R0,4,21,accepted,True
E4V3-T3-K4-P2,M0R0,4,22,not_attempted,False
E4V3-T3-K4-P2,M0R0,4,23,not_attempted,False
E4V3-T3-K4-P2,M0R0,4,24,not_attempted,False
E4V3-T3-K4-P2,M0R0,4,25,not_attempted,False
E4V3-T3-K4-P3,M1R0,4,1,accepted,True
E4V3-T3-K4-P3,M1R0,4,2,accepted,True
E4V3-T3-K4-P3,M1R0,4,3,accepted,False
E4V3-T3-K4-P3,M1R0,4,4,accepted,True
E4V3-T3-K4-P3,M1R0,4,5,accepted,True
E4V3-T3-K4-P3,M1R0,4,6,accepted,True
E4V3-T3-K4-P3,M1R0,4,7,accepted,False
E4V3-T3-K4-P3,M1R0,4,8,accepted,True
E4V3-T3-K4-P3,M1R0,4,9,accepted,True
E4V3-T3-K4-P3,M1R0,4,10,accepted,True
E4V3-T3-K4-P3,M1R0,4,11,accepted,True
E4V3-T3-K4-P3,M1R0,4,12,accepted,True
E4V3-T3-K4-P3,M1R0,4,13,accepted,True
E4V3-T3-K4-P3,M1R0,4,14,accepted,True
E4V3-T3-K4-P3,M1R0,4,15,accepted,True
E4V3-T3-K4-P3,M1R0,4,16,accepted,True
E4V3-T3-K4-P3,M1R0,4,17,accepted,False
E4V3-T3-K4-P3,M1R0,4,18,accepted,True
E4V3-T3-K4-P3,M1R0,4,19,accepted,True
E4V3-T3-K4-P3,M1R0,4,20,accepted,True
E4V3-T3-K4-P3,M1R0,4,21,accepted,True
E4V3-T3-K4-P3,M1R0,4,22,accepted,True
E4V3-T3-K4-P3,M1R0,4,23,accepted,True
E4V3-T3-K4-P3,M1R0,4,24,accepted,True
E4V3-T3-K4-P3,M1R0,4,25,accepted,False
E4V3-T3-K4-P4,M0R1,4,1,accepted,True
E4V3-T3-K4-P4,M0R1,4,2,not_attempted,False
E4V3-T3-K4-P4,M0R1,4,3,not_attempted,False
E4V3-T3-K4-P4,M0R1,4,4,accepted,True
E4V3-T3-K4-P4,M0R1,4,5,accepted,True
E4V3-T3-K4-P4,M0R1,4,6,accepted,False
E4V3-T3-K4-P4,M0R1,4,7,accepted,False
E4V3-T3-K4-P4,M0R1,4,8,accepted,True
E4V3-T3-K4-P4,M0R1,4,9,accepted,True
E4V3-T3-K4-P4,M0R1,4,10,accepted,True
E4V3-T3-K4-P4,M0R1,4,11,accepted,True
E4V3-T3-K4-P4,M0R1,4,12,not_attempted,False
E4V3-T3-K4-P4,M0R1,4,13,accepted,True
E4V3-T3-K4-P4,M0R1,4,14,not_attempted,False
E4V3-T3-K4-P4,M0R1,4,15,not_attempted,False
E4V3-T3-K4-P4,M0R1,4,16,not_attempted,False
E4V3-T3-K4-P4,M0R1,4,17,not_attempted,False
E4V3-T3-K4-P4,M0R1,4,18,not_attempted,False
E4V3-T3-K4-P4,M0R1,4,19,not_attempted,False
E4V3-T3-K4-P4,M0R1,4,20,not_attempted,False
E4V3-T3-K4-P4,M0R1,4,21,not_attempted,False
E4V3-T3-K4-P4,M0R1,4,22,not_attempted,False
E4V3-T3-K4-P4,M0R1,4,23,not_attempted,False
E4V3-T3-K4-P4,M0R1,4,24,not_attempted,False
E4V3-T3-K4-P4,M0R1,4,25,not_attempted,False
E4V3-T3-K5-P1,M0R0,5,1,accepted,True
E4V3-T3-K5-P1,M0R0,5,2,not_attempted,False
E4V3-T3-K5-P1,M0R0,5,3,not_attempted,False
E4V3-T3-K5-P1,M0R0,5,4,accepted,False
E4V3-T3-K5-P1,M0R0,5,5,accepted,True
E4V3-T3-K5-P1,M0R0,5,6,accepted,False
E4V3-T3-K5-P1,M0R0,5,7,accepted,False
E4V3-T3-K5-P1,M0R0,5,8,accepted,False
E4V3-T3-K5-P1,M0R0,5,9,accepted,True
E4V3-T3-K5-P1,M0R0,5,10,accepted,True
E4V3-T3-K5-P1,M0R0,5,11,accepted,True
E4V3-T3-K5-P1,M0R0,5,12,accepted,False
E4V3-T3-K5-P1,M0R0,5,13,accepted,False
E4V3-T3-K5-P1,M0R0,5,14,accepted,False
E4V3-T3-K5-P1,M0R0,5,15,accepted,False
E4V3-T3-K5-P1,M0R0,5,16,accepted,False
E4V3-T3-K5-P1,M0R0,5,17,accepted,False
E4V3-T3-K5-P1,M0R0,5,18,accepted,True
E4V3-T3-K5-P1,M0R0,5,19,accepted,True
E4V3-T3-K5-P1,M0R0,5,20,not_attempted,False
E4V3-T3-K5-P1,M0R0,5,21,not_attempted,False
E4V3-T3-K5-P1,M0R0,5,22,not_attempted,False
E4V3-T3-K5-P1,M0R0,5,23,not_attempted,False
E4V3-T3-K5-P1,M0R0,5,24,not_attempted,False
E4V3-T3-K5-P1,M0R0,5,25,not_attempted,False
E4V3-T3-K5-P2,M0R1,5,1,accepted,True
E4V3-T3-K5-P2,M0R1,5,2,not_attempted,False
E4V3-T3-K5-P2,M0R1,5,3,not_attempted,False
E4V3-T3-K5-P2,M0R1,5,4,accepted,True
E4V3-T3-K5-P2,M0R1,5,5,accepted,True
E4V3-T3-K5-P2,M0R1,5,6,not_attempted,False
E4V3-T3-K5-P2,M0R1,5,7,not_attempted,False
E4V3-T3-K5-P2,M0R1,5,8,accepted,True
E4V3-T3-K5-P2,M0R1,5,9,accepted,True
E4V3-T3-K5-P2,M0R1,5,10,accepted,True
E4V3-T3-K5-P2,M0R1,5,11,accepted,True
E4V3-T3-K5-P2,M0R1,5,12,accepted,False
E4V3-T3-K5-P2,M0R1,5,13,accepted,True
E4V3-T3-K5-P2,M0R1,5,14,accepted,False
E4V3-T3-K5-P2,M0R1,5,15,not_attempted,False
E4V3-T3-K5-P2,M0R1,5,16,not_attempted,False
E4V3-T3-K5-P2,M0R1,5,17,not_attempted,False
E4V3-T3-K5-P2,M0R1,5,18,not_attempted,False
E4V3-T3-K5-P2,M0R1,5,19,not_attempted,False
E4V3-T3-K5-P2,M0R1,5,20,not_attempted,False
E4V3-T3-K5-P2,M0R1,5,21,not_attempted,False
E4V3-T3-K5-P2,M0R1,5,22,not_attempted,False
E4V3-T3-K5-P2,M0R1,5,23,not_attempted,False
E4V3-T3-K5-P2,M0R1,5,24,not_attempted,False
E4V3-T3-K5-P2,M0R1,5,25,not_attempted,False
E4V3-T3-K5-P3,M1R1,5,1,accepted,True
E4V3-T3-K5-P3,M1R1,5,2,accepted,True
E4V3-T3-K5-P3,M1R1,5,3,accepted,False
E4V3-T3-K5-P3,M1R1,5,4,accepted,True
E4V3-T3-K5-P3,M1R1,5,5,accepted,True
E4V3-T3-K5-P3,M1R1,5,6,accepted,True
E4V3-T3-K5-P3,M1R1,5,7,accepted,False
E4V3-T3-K5-P3,M1R1,5,8,accepted,True
E4V3-T3-K5-P3,M1R1,5,9,accepted,True
E4V3-T3-K5-P3,M1R1,5,10,accepted,True
E4V3-T3-K5-P3,M1R1,5,11,accepted,True
E4V3-T3-K5-P3,M1R1,5,12,accepted,True
E4V3-T3-K5-P3,M1R1,5,13,accepted,True
E4V3-T3-K5-P3,M1R1,5,14,accepted,True
E4V3-T3-K5-P3,M1R1,5,15,accepted,True
E4V3-T3-K5-P3,M1R1,5,16,accepted,True
E4V3-T3-K5-P3,M1R1,5,17,accepted,False
E4V3-T3-K5-P3,M1R1,5,18,accepted,True
E4V3-T3-K5-P3,M1R1,5,19,accepted,True
E4V3-T3-K5-P3,M1R1,5,20,accepted,True
E4V3-T3-K5-P3,M1R1,5,21,accepted,True
E4V3-T3-K5-P3,M1R1,5,22,accepted,True
E4V3-T3-K5-P3,M1R1,5,23,accepted,True
E4V3-T3-K5-P3,M1R1,5,24,accepted,True
E4V3-T3-K5-P3,M1R1,5,25,accepted,False
E4V3-T3-K5-P4,M1R0,5,1,accepted,True
E4V3-T3-K5-P4,M1R0,5,2,accepted,True
E4V3-T3-K5-P4,M1R0,5,3,accepted,True
E4V3-T3-K5-P4,M1R0,5,4,accepted,True
E4V3-T3-K5-P4,M1R0,5,5,accepted,True
E4V3-T3-K5-P4,M1R0,5,6,accepted,True
E4V3-T3-K5-P4,M1R0,5,7,accepted,True
E4V3-T3-K5-P4,M1R0,5,8,accepted,True
E4V3-T3-K5-P4,M1R0,5,9,accepted,True
E4V3-T3-K5-P4,M1R0,5,10,accepted,True
E4V3-T3-K5-P4,M1R0,5,11,accepted,True
E4V3-T3-K5-P4,M1R0,5,12,accepted,False
E4V3-T3-K5-P4,M1R0,5,13,accepted,True
E4V3-T3-K5-P4,M1R0,5,14,accepted,False
E4V3-T3-K5-P4,M1R0,5,15,accepted,False
E4V3-T3-K5-P4,M1R0,5,16,accepted,True
E4V3-T3-K5-P4,M1R0,5,17,accepted,False
E4V3-T3-K5-P4,M1R0,5,18,accepted,True
E4V3-T3-K5-P4,M1R0,5,19,accepted,True
E4V3-T3-K5-P4,M1R0,5,20,accepted,True
E4V3-T3-K5-P4,M1R0,5,21,accepted,True
E4V3-T3-K5-P4,M1R0,5,22,accepted,True
E4V3-T3-K5-P4,M1R0,5,23,accepted,True
E4V3-T3-K5-P4,M1R0,5,24,accepted,False
E4V3-T3-K5-P4,M1R0,5,25,accepted,False
E4V3-T3-K6-P1,M0R1,6,1,accepted,True
E4V3-T3-K6-P1,M0R1,6,2,accepted,True
E4V3-T3-K6-P1,M0R1,6,3,accepted,True
E4V3-T3-K6-P1,M0R1,6,4,accepted,True
E4V3-T3-K6-P1,M0R1,6,5,accepted,True
E4V3-T3-K6-P1,M0R1,6,6,accepted,True
E4V3-T3-K6-P1,M0R1,6,7,accepted,True
E4V3-T3-K6-P1,M0R1,6,8,accepted,True
E4V3-T3-K6-P1,M0R1,6,9,accepted,True
E4V3-T3-K6-P1,M0R1,6,10,accepted,True
E4V3-T3-K6-P1,M0R1,6,11,accepted,True
E4V3-T3-K6-P1,M0R1,6,12,accepted,True
E4V3-T3-K6-P1,M0R1,6,13,accepted,True
E4V3-T3-K6-P1,M0R1,6,14,accepted,False
E4V3-T3-K6-P1,M0R1,6,15,accepted,False
E4V3-T3-K6-P1,M0R1,6,16,accepted,True
E4V3-T3-K6-P1,M0R1,6,17,accepted,False
E4V3-T3-K6-P1,M0R1,6,18,accepted,True
E4V3-T3-K6-P1,M0R1,6,19,accepted,True
E4V3-T3-K6-P1,M0R1,6,20,accepted,True
E4V3-T3-K6-P1,M0R1,6,21,not_attempted,False
E4V3-T3-K6-P1,M0R1,6,22,not_attempted,False
E4V3-T3-K6-P1,M0R1,6,23,not_attempted,False
E4V3-T3-K6-P1,M0R1,6,24,not_attempted,False
E4V3-T3-K6-P1,M0R1,6,25,not_attempted,False
E4V3-T3-K6-P2,M1R0,6,1,not_attempted,False
E4V3-T3-K6-P2,M1R0,6,2,not_attempted,False
E4V3-T3-K6-P2,M1R0,6,3,not_attempted,False
E4V3-T3-K6-P2,M1R0,6,4,not_attempted,False
E4V3-T3-K6-P2,M1R0,6,5,not_attempted,False
E4V3-T3-K6-P2,M1R0,6,6,not_attempted,False
E4V3-T3-K6-P2,M1R0,6,7,not_attempted,False
E4V3-T3-K6-P2,M1R0,6,8,not_attempted,False
E4V3-T3-K6-P2,M1R0,6,9,not_attempted,False
E4V3-T3-K6-P2,M1R0,6,10,not_attempted,False
E4V3-T3-K6-P2,M1R0,6,11,not_attempted,False
E4V3-T3-K6-P2,M1R0,6,12,not_attempted,False
E4V3-T3-K6-P2,M1R0,6,13,not_attempted,False
E4V3-T3-K6-P2,M1R0,6,14,not_attempted,False
E4V3-T3-K6-P2,M1R0,6,15,not_attempted,False
E4V3-T3-K6-P2,M1R0,6,16,not_attempted,False
E4V3-T3-K6-P2,M1R0,6,17,not_attempted,False
E4V3-T3-K6-P2,M1R0,6,18,not_attempted,False
E4V3-T3-K6-P2,M1R0,6,19,not_attempted,False
E4V3-T3-K6-P2,M1R0,6,20,not_attempted,False
E4V3-T3-K6-P2,M1R0,6,21,not_attempted,False
E4V3-T3-K6-P2,M1R0,6,22,not_attempted,False
E4V3-T3-K6-P2,M1R0,6,23,not_attempted,False
E4V3-T3-K6-P2,M1R0,6,24,not_attempted,False
E4V3-T3-K6-P2,M1R0,6,25,not_attempted,False
E4V3-T3-K6-P3,M0R0,6,1,accepted,True
E4V3-T3-K6-P3,M0R0,6,2,accepted,True
E4V3-T3-K6-P3,M0R0,6,3,accepted,True
E4V3-T3-K6-P3,M0R0,6,4,accepted,True
E4V3-T3-K6-P3,M0R0,6,5,accepted,True
E4V3-T3-K6-P3,M0R0,6,6,accepted,True
E4V3-T3-K6-P3,M0R0,6,7,accepted,True
E4V3-T3-K6-P3,M0R0,6,8,accepted,True
E4V3-T3-K6-P3,M0R0,6,9,accepted,True
E4V3-T3-K6-P3,M0R0,6,10,accepted,True
E4V3-T3-K6-P3,M0R0,6,11,accepted,True
E4V3-T3-K6-P3,M0R0,6,12,accepted,True
E4V3-T3-K6-P3,M0R0,6,13,not_attempted,False
E4V3-T3-K6-P3,M0R0,6,14,not_attempted,False
E4V3-T3-K6-P3,M0R0,6,15,not_attempted,False
E4V3-T3-K6-P3,M0R0,6,16,not_attempted,False
E4V3-T3-K6-P3,M0R0,6,17,not_attempted,False
E4V3-T3-K6-P3,M0R0,6,18,accepted,True
E4V3-T3-K6-P3,M0R0,6,19,accepted,True
E4V3-T3-K6-P3,M0R0,6,20,accepted,True
E4V3-T3-K6-P3,M0R0,6,21,accepted,True
E4V3-T3-K6-P3,M0R0,6,22,accepted,True
E4V3-T3-K6-P3,M0R0,6,23,accepted,True
E4V3-T3-K6-P3,M0R0,6,24,accepted,True
E4V3-T3-K6-P3,M0R0,6,25,accepted,False
E4V3-T3-K6-P4,M1R1,6,1,accepted,True
E4V3-T3-K6-P4,M1R1,6,2,accepted,True
E4V3-T3-K6-P4,M1R1,6,3,accepted,True
E4V3-T3-K6-P4,M1R1,6,4,accepted,True
E4V3-T3-K6-P4,M1R1,6,5,accepted,True
E4V3-T3-K6-P4,M1R1,6,6,accepted,True
E4V3-T3-K6-P4,M1R1,6,7,accepted,True
E4V3-T3-K6-P4,M1R1,6,8,accepted,True
E4V3-T3-K6-P4,M1R1,6,9,accepted,True
E4V3-T3-K6-P4,M1R1,6,10,accepted,True
E4V3-T3-K6-P4,M1R1,6,11,accepted,True
E4V3-T3-K6-P4,M1R1,6,12,accepted,True
E4V3-T3-K6-P4,M1R1,6,13,accepted,True
E4V3-T3-K6-P4,M1R1,6,14,accepted,False
E4V3-T3-K6-P4,M1R1,6,15,accepted,False
E4V3-T3-K6-P4,M1R1,6,16,accepted,True
E4V3-T3-K6-P4,M1R1,6,17,accepted,False
E4V3-T3-K6-P4,M1R1,6,18,accepted,True
E4V3-T3-K6-P4,M1R1,6,19,accepted,True
E4V3-T3-K6-P4,M1R1,6,20,accepted,True
E4V3-T3-K6-P4,M1R1,6,21,accepted,True
E4V3-T3-K6-P4,M1R1,6,22,accepted,True
E4V3-T3-K6-P4,M1R1,6,23,accepted,True
E4V3-T3-K6-P4,M1R1,6,24,accepted,True
E4V3-T3-K6-P4,M1R1,6,25,accepted,False
E4V3-T3-K7-P1,M1R0,7,1,accepted,True
E4V3-T3-K7-P1,M1R0,7,2,not_attempted,False
E4V3-T3-K7-P1,M1R0,7,3,not_attempted,False
E4V3-T3-K7-P1,M1R0,7,4,accepted,True
E4V3-T3-K7-P1,M1R0,7,5,accepted,True
E4V3-T3-K7-P1,M1R0,7,6,not_attempted,False
E4V3-T3-K7-P1,M1R0,7,7,not_attempted,False
E4V3-T3-K7-P1,M1R0,7,8,accepted,True
E4V3-T3-K7-P1,M1R0,7,9,accepted,True
E4V3-T3-K7-P1,M1R0,7,10,accepted,True
E4V3-T3-K7-P1,M1R0,7,11,accepted,True
E4V3-T3-K7-P1,M1R0,7,12,not_attempted,False
E4V3-T3-K7-P1,M1R0,7,13,accepted,True
E4V3-T3-K7-P1,M1R0,7,14,accepted,False
E4V3-T3-K7-P1,M1R0,7,15,accepted,False
E4V3-T3-K7-P1,M1R0,7,16,accepted,True
E4V3-T3-K7-P1,M1R0,7,17,accepted,False
E4V3-T3-K7-P1,M1R0,7,18,accepted,True
E4V3-T3-K7-P1,M1R0,7,19,not_attempted,False
E4V3-T3-K7-P1,M1R0,7,20,not_attempted,False
E4V3-T3-K7-P1,M1R0,7,21,not_attempted,False
E4V3-T3-K7-P1,M1R0,7,22,not_attempted,False
E4V3-T3-K7-P1,M1R0,7,23,not_attempted,False
E4V3-T3-K7-P1,M1R0,7,24,not_attempted,False
E4V3-T3-K7-P1,M1R0,7,25,not_attempted,False
E4V3-T3-K7-P2,M1R1,7,1,accepted,True
E4V3-T3-K7-P2,M1R1,7,2,accepted,True
E4V3-T3-K7-P2,M1R1,7,3,accepted,True
E4V3-T3-K7-P2,M1R1,7,4,accepted,True
E4V3-T3-K7-P2,M1R1,7,5,accepted,True
E4V3-T3-K7-P2,M1R1,7,6,accepted,True
E4V3-T3-K7-P2,M1R1,7,7,accepted,True
E4V3-T3-K7-P2,M1R1,7,8,accepted,True
E4V3-T3-K7-P2,M1R1,7,9,accepted,True
E4V3-T3-K7-P2,M1R1,7,10,accepted,True
E4V3-T3-K7-P2,M1R1,7,11,accepted,True
E4V3-T3-K7-P2,M1R1,7,12,accepted,True
E4V3-T3-K7-P2,M1R1,7,13,accepted,True
E4V3-T3-K7-P2,M1R1,7,14,accepted,True
E4V3-T3-K7-P2,M1R1,7,15,accepted,True
E4V3-T3-K7-P2,M1R1,7,16,accepted,True
E4V3-T3-K7-P2,M1R1,7,17,accepted,False
E4V3-T3-K7-P2,M1R1,7,18,accepted,True
E4V3-T3-K7-P2,M1R1,7,19,accepted,True
E4V3-T3-K7-P2,M1R1,7,20,accepted,True
E4V3-T3-K7-P2,M1R1,7,21,accepted,True
E4V3-T3-K7-P2,M1R1,7,22,accepted,True
E4V3-T3-K7-P2,M1R1,7,23,accepted,True
E4V3-T3-K7-P2,M1R1,7,24,accepted,True
E4V3-T3-K7-P2,M1R1,7,25,accepted,False
E4V3-T3-K7-P3,M0R1,7,1,accepted,True
E4V3-T3-K7-P3,M0R1,7,2,accepted,False
E4V3-T3-K7-P3,M0R1,7,3,accepted,False
E4V3-T3-K7-P3,M0R1,7,4,accepted,True
E4V3-T3-K7-P3,M0R1,7,5,accepted,True
E4V3-T3-K7-P3,M0R1,7,6,accepted,False
E4V3-T3-K7-P3,M0R1,7,7,accepted,False
E4V3-T3-K7-P3,M0R1,7,8,accepted,True
E4V3-T3-K7-P3,M0R1,7,9,accepted,True
E4V3-T3-K7-P3,M0R1,7,10,accepted,True
E4V3-T3-K7-P3,M0R1,7,11,accepted,True
E4V3-T3-K7-P3,M0R1,7,12,accepted,True
E4V3-T3-K7-P3,M0R1,7,13,accepted,True
E4V3-T3-K7-P3,M0R1,7,14,accepted,False
E4V3-T3-K7-P3,M0R1,7,15,accepted,False
E4V3-T3-K7-P3,M0R1,7,16,accepted,True
E4V3-T3-K7-P3,M0R1,7,17,accepted,False
E4V3-T3-K7-P3,M0R1,7,18,accepted,True
E4V3-T3-K7-P3,M0R1,7,19,accepted,True
E4V3-T3-K7-P3,M0R1,7,20,not_attempted,False
E4V3-T3-K7-P3,M0R1,7,21,not_attempted,False
E4V3-T3-K7-P3,M0R1,7,22,not_attempted,False
E4V3-T3-K7-P3,M0R1,7,23,not_attempted,False
E4V3-T3-K7-P3,M0R1,7,24,not_attempted,False
E4V3-T3-K7-P3,M0R1,7,25,not_attempted,False
E4V3-T3-K7-P4,M0R0,7,1,accepted,True
E4V3-T3-K7-P4,M0R0,7,2,accepted,True
E4V3-T3-K7-P4,M0R0,7,3,accepted,True
E4V3-T3-K7-P4,M0R0,7,4,accepted,True
E4V3-T3-K7-P4,M0R0,7,5,accepted,True
E4V3-T3-K7-P4,M0R0,7,6,accepted,True
E4V3-T3-K7-P4,M0R0,7,7,accepted,True
E4V3-T3-K7-P4,M0R0,7,8,accepted,True
E4V3-T3-K7-P4,M0R0,7,9,accepted,True
E4V3-T3-K7-P4,M0R0,7,10,accepted,True
E4V3-T3-K7-P4,M0R0,7,11,accepted,True
E4V3-T3-K7-P4,M0R0,7,12,accepted,True
E4V3-T3-K7-P4,M0R0,7,13,accepted,True
E4V3-T3-K7-P4,M0R0,7,14,accepted,False
E4V3-T3-K7-P4,M0R0,7,15,accepted,False
E4V3-T3-K7-P4,M0R0,7,16,accepted,True
E4V3-T3-K7-P4,M0R0,7,17,accepted,False
E4V3-T3-K7-P4,M0R0,7,18,accepted,True
E4V3-T3-K7-P4,M0R0,7,19,not_attempted,False
E4V3-T3-K7-P4,M0R0,7,20,not_attempted,False
E4V3-T3-K7-P4,M0R0,7,21,not_attempted,False
E4V3-T3-K7-P4,M0R0,7,22,not_attempted,False
E4V3-T3-K7-P4,M0R0,7,23,not_attempted,False
E4V3-T3-K7-P4,M0R0,7,24,not_attempted,False
E4V3-T3-K7-P4,M0R0,7,25,not_attempted,False
E4V3-T3-K8-P1,M1R1,8,1,accepted,True
E4V3-T3-K8-P1,M1R1,8,2,accepted,True
E4V3-T3-K8-P1,M1R1,8,3,not_attempted,False
E4V3-T3-K8-P1,M1R1,8,4,accepted,True
E4V3-T3-K8-P1,M1R1,8,5,accepted,True
E4V3-T3-K8-P1,M1R1,8,6,accepted,True
E4V3-T3-K8-P1,M1R1,8,7,accepted,False
E4V3-T3-K8-P1,M1R1,8,8,accepted,True
E4V3-T3-K8-P1,M1R1,8,9,accepted,True
E4V3-T3-K8-P1,M1R1,8,10,accepted,True
E4V3-T3-K8-P1,M1R1,8,11,accepted,True
E4V3-T3-K8-P1,M1R1,8,12,not_attempted,False
E4V3-T3-K8-P1,M1R1,8,13,not_attempted,False
E4V3-T3-K8-P1,M1R1,8,14,accepted,True
E4V3-T3-K8-P1,M1R1,8,15,accepted,True
E4V3-T3-K8-P1,M1R1,8,16,accepted,True
E4V3-T3-K8-P1,M1R1,8,17,accepted,False
E4V3-T3-K8-P1,M1R1,8,18,accepted,True
E4V3-T3-K8-P1,M1R1,8,19,not_attempted,False
E4V3-T3-K8-P1,M1R1,8,20,not_attempted,False
E4V3-T3-K8-P1,M1R1,8,21,not_attempted,False
E4V3-T3-K8-P1,M1R1,8,22,not_attempted,False
E4V3-T3-K8-P1,M1R1,8,23,not_attempted,False
E4V3-T3-K8-P1,M1R1,8,24,not_attempted,False
E4V3-T3-K8-P1,M1R1,8,25,not_attempted,False
E4V3-T3-K8-P2,M0R0,8,1,accepted,True
E4V3-T3-K8-P2,M0R0,8,2,accepted,True
E4V3-T3-K8-P2,M0R0,8,3,accepted,True
E4V3-T3-K8-P2,M0R0,8,4,accepted,True
E4V3-T3-K8-P2,M0R0,8,5,accepted,True
E4V3-T3-K8-P2,M0R0,8,6,accepted,True
E4V3-T3-K8-P2,M0R0,8,7,accepted,True
E4V3-T3-K8-P2,M0R0,8,8,accepted,True
E4V3-T3-K8-P2,M0R0,8,9,accepted,True
E4V3-T3-K8-P2,M0R0,8,10,accepted,True
E4V3-T3-K8-P2,M0R0,8,11,accepted,True
E4V3-T3-K8-P2,M0R0,8,12,accepted,True
E4V3-T3-K8-P2,M0R0,8,13,accepted,True
E4V3-T3-K8-P2,M0R0,8,14,accepted,False
E4V3-T3-K8-P2,M0R0,8,15,accepted,False
E4V3-T3-K8-P2,M0R0,8,16,accepted,True
E4V3-T3-K8-P2,M0R0,8,17,accepted,False
E4V3-T3-K8-P2,M0R0,8,18,accepted,True
E4V3-T3-K8-P2,M0R0,8,19,accepted,True
E4V3-T3-K8-P2,M0R0,8,20,accepted,True
E4V3-T3-K8-P2,M0R0,8,21,not_attempted,False
E4V3-T3-K8-P2,M0R0,8,22,not_attempted,False
E4V3-T3-K8-P2,M0R0,8,23,not_attempted,False
E4V3-T3-K8-P2,M0R0,8,24,not_attempted,False
E4V3-T3-K8-P2,M0R0,8,25,not_attempted,False
E4V3-T3-K8-P3,M1R0,8,1,accepted,True
E4V3-T3-K8-P3,M1R0,8,2,accepted,True
E4V3-T3-K8-P3,M1R0,8,3,accepted,True
E4V3-T3-K8-P3,M1R0,8,4,accepted,True
E4V3-T3-K8-P3,M1R0,8,5,accepted,True
E4V3-T3-K8-P3,M1R0,8,6,accepted,True
E4V3-T3-K8-P3,M1R0,8,7,accepted,True
E4V3-T3-K8-P3,M1R0,8,8,accepted,True
E4V3-T3-K8-P3,M1R0,8,9,accepted,True
E4V3-T3-K8-P3,M1R0,8,10,accepted,True
E4V3-T3-K8-P3,M1R0,8,11,accepted,True
E4V3-T3-K8-P3,M1R0,8,12,accepted,True
E4V3-T3-K8-P3,M1R0,8,13,accepted,True
E4V3-T3-K8-P3,M1R0,8,14,accepted,False
E4V3-T3-K8-P3,M1R0,8,15,accepted,False
E4V3-T3-K8-P3,M1R0,8,16,accepted,True
E4V3-T3-K8-P3,M1R0,8,17,accepted,True
E4V3-T3-K8-P3,M1R0,8,18,accepted,True
E4V3-T3-K8-P3,M1R0,8,19,accepted,True
E4V3-T3-K8-P3,M1R0,8,20,accepted,True
E4V3-T3-K8-P3,M1R0,8,21,accepted,True
E4V3-T3-K8-P3,M1R0,8,22,accepted,True
E4V3-T3-K8-P3,M1R0,8,23,accepted,True
E4V3-T3-K8-P3,M1R0,8,24,accepted,True
E4V3-T3-K8-P3,M1R0,8,25,accepted,True
E4V3-T3-K8-P4,M0R1,8,1,accepted,True
E4V3-T3-K8-P4,M0R1,8,2,accepted,True
E4V3-T3-K8-P4,M0R1,8,3,accepted,True
E4V3-T3-K8-P4,M0R1,8,4,accepted,True
E4V3-T3-K8-P4,M0R1,8,5,accepted,True
E4V3-T3-K8-P4,M0R1,8,6,accepted,True
E4V3-T3-K8-P4,M0R1,8,7,accepted,True
E4V3-T3-K8-P4,M0R1,8,8,accepted,True
E4V3-T3-K8-P4,M0R1,8,9,accepted,True
E4V3-T3-K8-P4,M0R1,8,10,accepted,True
E4V3-T3-K8-P4,M0R1,8,11,accepted,True
E4V3-T3-K8-P4,M0R1,8,12,accepted,True
E4V3-T3-K8-P4,M0R1,8,13,accepted,True
E4V3-T3-K8-P4,M0R1,8,14,accepted,False
E4V3-T3-K8-P4,M0R1,8,15,accepted,False
E4V3-T3-K8-P4,M0R1,8,16,accepted,True
E4V3-T3-K8-P4,M0R1,8,17,accepted,False
E4V3-T3-K8-P4,M0R1,8,18,accepted,True
E4V3-T3-K8-P4,M0R1,8,19,not_attempted,False
E4V3-T3-K8-P4,M0R1,8,20,not_attempted,False
E4V3-T3-K8-P4,M0R1,8,21,not_attempted,False
E4V3-T3-K8-P4,M0R1,8,22,not_attempted,False
E4V3-T3-K8-P4,M0R1,8,23,not_attempted,False
E4V3-T3-K8-P4,M0R1,8,24,not_attempted,False
E4V3-T3-K8-P4,M0R1,8,25,not_attempted,False
E4V3-T3-K9-P1,M0R0,9,1,accepted,True
E4V3-T3-K9-P1,M0R0,9,2,accepted,True
E4V3-T3-K9-P1,M0R0,9,3,accepted,True
E4V3-T3-K9-P1,M0R0,9,4,accepted,True
E4V3-T3-K9-P1,M0R0,9,5,accepted,True
E4V3-T3-K9-P1,M0R0,9,6,accepted,True
E4V3-T3-K9-P1,M0R0,9,7,accepted,True
E4V3-T3-K9-P1,M0R0,9,8,accepted,True
E4V3-T3-K9-P1,M0R0,9,9,accepted,True
E4V3-T3-K9-P1,M0R0,9,10,accepted,True
E4V3-T3-K9-P1,M0R0,9,11,accepted,True
E4V3-T3-K9-P1,M0R0,9,12,not_attempted,False
E4V3-T3-K9-P1,M0R0,9,13,not_attempted,False
E4V3-T3-K9-P1,M0R0,9,14,not_attempted,False
E4V3-T3-K9-P1,M0R0,9,15,not_attempted,False
E4V3-T3-K9-P1,M0R0,9,16,not_attempted,False
E4V3-T3-K9-P1,M0R0,9,17,not_attempted,False
E4V3-T3-K9-P1,M0R0,9,18,not_attempted,False
E4V3-T3-K9-P1,M0R0,9,19,not_attempted,False
E4V3-T3-K9-P1,M0R0,9,20,not_attempted,False
E4V3-T3-K9-P1,M0R0,9,21,not_attempted,False
E4V3-T3-K9-P1,M0R0,9,22,not_attempted,False
E4V3-T3-K9-P1,M0R0,9,23,not_attempted,False
E4V3-T3-K9-P1,M0R0,9,24,not_attempted,False
E4V3-T3-K9-P1,M0R0,9,25,not_attempted,False
E4V3-T3-K9-P2,M0R1,9,1,accepted,True
E4V3-T3-K9-P2,M0R1,9,2,accepted,True
E4V3-T3-K9-P2,M0R1,9,3,accepted,False
E4V3-T3-K9-P2,M0R1,9,4,not_attempted,False
E4V3-T3-K9-P2,M0R1,9,5,not_attempted,False
E4V3-T3-K9-P2,M0R1,9,6,not_attempted,False
E4V3-T3-K9-P2,M0R1,9,7,not_attempted,False
E4V3-T3-K9-P2,M0R1,9,8,not_attempted,False
E4V3-T3-K9-P2,M0R1,9,9,not_attempted,False
E4V3-T3-K9-P2,M0R1,9,10,not_attempted,False
E4V3-T3-K9-P2,M0R1,9,11,not_attempted,False
E4V3-T3-K9-P2,M0R1,9,12,not_attempted,False
E4V3-T3-K9-P2,M0R1,9,13,not_attempted,False
E4V3-T3-K9-P2,M0R1,9,14,not_attempted,False
E4V3-T3-K9-P2,M0R1,9,15,not_attempted,False
E4V3-T3-K9-P2,M0R1,9,16,not_attempted,False
E4V3-T3-K9-P2,M0R1,9,17,not_attempted,False
E4V3-T3-K9-P2,M0R1,9,18,not_attempted,False
E4V3-T3-K9-P2,M0R1,9,19,not_attempted,False
E4V3-T3-K9-P2,M0R1,9,20,not_attempted,False
E4V3-T3-K9-P2,M0R1,9,21,not_attempted,False
E4V3-T3-K9-P2,M0R1,9,22,not_attempted,False
E4V3-T3-K9-P2,M0R1,9,23,not_attempted,False
E4V3-T3-K9-P2,M0R1,9,24,not_attempted,False
E4V3-T3-K9-P2,M0R1,9,25,not_attempted,False
E4V3-T3-K9-P3,M1R1,9,1,accepted,True
E4V3-T3-K9-P3,M1R1,9,2,not_attempted,False
E4V3-T3-K9-P3,M1R1,9,3,accepted,False
E4V3-T3-K9-P3,M1R1,9,4,accepted,True
E4V3-T3-K9-P3,M1R1,9,5,accepted,True
E4V3-T3-K9-P3,M1R1,9,6,accepted,False
E4V3-T3-K9-P3,M1R1,9,7,accepted,False
E4V3-T3-K9-P3,M1R1,9,8,accepted,True
E4V3-T3-K9-P3,M1R1,9,9,accepted,True
E4V3-T3-K9-P3,M1R1,9,10,accepted,True
E4V3-T3-K9-P3,M1R1,9,11,accepted,True
E4V3-T3-K9-P3,M1R1,9,12,accepted,True
E4V3-T3-K9-P3,M1R1,9,13,accepted,True
E4V3-T3-K9-P3,M1R1,9,14,accepted,False
E4V3-T3-K9-P3,M1R1,9,15,accepted,False
E4V3-T3-K9-P3,M1R1,9,16,accepted,True
E4V3-T3-K9-P3,M1R1,9,17,accepted,False
E4V3-T3-K9-P3,M1R1,9,18,accepted,True
E4V3-T3-K9-P3,M1R1,9,19,not_attempted,False
E4V3-T3-K9-P3,M1R1,9,20,not_attempted,False
E4V3-T3-K9-P3,M1R1,9,21,not_attempted,False
E4V3-T3-K9-P3,M1R1,9,22,not_attempted,False
E4V3-T3-K9-P3,M1R1,9,23,not_attempted,False
E4V3-T3-K9-P3,M1R1,9,24,not_attempted,False
E4V3-T3-K9-P3,M1R1,9,25,not_attempted,False
E4V3-T3-K9-P4,M1R0,9,1,accepted,True
E4V3-T3-K9-P4,M1R0,9,2,accepted,True
E4V3-T3-K9-P4,M1R0,9,3,accepted,True
E4V3-T3-K9-P4,M1R0,9,4,accepted,True
E4V3-T3-K9-P4,M1R0,9,5,accepted,True
E4V3-T3-K9-P4,M1R0,9,6,accepted,True
E4V3-T3-K9-P4,M1R0,9,7,accepted,True
E4V3-T3-K9-P4,M1R0,9,8,accepted,True
E4V3-T3-K9-P4,M1R0,9,9,accepted,True
E4V3-T3-K9-P4,M1R0,9,10,accepted,True
E4V3-T3-K9-P4,M1R0,9,11,accepted,True
E4V3-T3-K9-P4,M1R0,9,12,accepted,True
E4V3-T3-K9-P4,M1R0,9,13,accepted,True
E4V3-T3-K9-P4,M1R0,9,14,accepted,False
E4V3-T3-K9-P4,M1R0,9,15,accepted,False
E4V3-T3-K9-P4,M1R0,9,16,accepted,True
E4V3-T3-K9-P4,M1R0,9,17,accepted,True
E4V3-T3-K9-P4,M1R0,9,18,accepted,True
E4V3-T3-K9-P4,M1R0,9,19,accepted,True
E4V3-T3-K9-P4,M1R0,9,20,accepted,True
E4V3-T3-K9-P4,M1R0,9,21,accepted,True
E4V3-T3-K9-P4,M1R0,9,22,accepted,True
E4V3-T3-K9-P4,M1R0,9,23,accepted,True
E4V3-T3-K9-P4,M1R0,9,24,accepted,True
E4V3-T3-K9-P4,M1R0,9,25,accepted,True
